player,nation,position,age,nineties,touches,touches_def_pen_area,touches_def_3rd,touches_mid_3rd,touches_att_3rd,touches_att_pen_area,live,take_ons_attempted,take_ons_successful,take_ons_success_pct,take_ons_tackled,take_ons_tackled_pct,carries,carry_distance_total,carry_distance_progressive,prgc,carries_into_final_third,carries_into_pen_area,miscontrols,dispossessed,passes_received,progressive_passes_received,fbref_comp_id,season
Cristian Pavón,ARG,FW,20.0,28.6,1430.0,5.0,105.0,585.0,762.0,109.0,1430.0,121.0,59.0,48.8,62.0,51.2,981.0,6503.0,3501.0,144.0,100.0,53.0,98.0,43.0,1060.0,314.0,21.0,2016
Pablo Pérez,ARG,MF,30.0,25.5,1922.0,32.0,270.0,1235.0,435.0,26.0,1922.0,47.0,28.0,59.6,19.0,40.4,1255.0,4812.0,2552.0,35.0,42.0,3.0,64.0,45.0,1318.0,73.0,21.0,2016
Gino Peruzzi,ARG,DF,24.0,24.1,1588.0,71.0,426.0,745.0,437.0,35.0,1588.0,25.0,11.0,44.0,14.0,56.0,787.0,2973.0,1782.0,36.0,34.0,8.0,48.0,23.0,775.0,104.0,21.0,2016
Santiago Vergini,ARG,DF,27.0,24.7,1462.0,114.0,760.0,679.0,28.0,6.0,1462.0,12.0,10.0,83.3,2.0,16.7,938.0,5262.0,3653.0,10.0,6.0,0.0,13.0,8.0,932.0,2.0,21.0,2016
Darío Benedetto,ARG,FW,26.0,20.5,623.0,14.0,23.0,277.0,326.0,93.0,622.0,25.0,16.0,64.0,9.0,36.0,419.0,1672.0,488.0,16.0,20.0,6.0,63.0,36.0,485.0,112.0,21.0,2016
Rodrigo Bentancur,URU,MF,19.0,20.4,1294.0,30.0,218.0,852.0,249.0,22.0,1294.0,49.0,19.0,38.8,30.0,61.2,850.0,4831.0,2620.0,54.0,58.0,6.0,36.0,24.0,832.0,31.0,21.0,2016
Juan Manuel Insaurralde,ARG,DF,31.0,18.5,1099.0,106.0,622.0,466.0,23.0,17.0,1099.0,5.0,5.0,100.0,0.0,0.0,688.0,3479.0,2276.0,13.0,4.0,0.0,12.0,2.0,663.0,1.0,21.0,2016
Frank Fabra,COL,DF,25.0,17.9,1005.0,31.0,302.0,487.0,233.0,33.0,1005.0,48.0,28.0,58.3,20.0,41.7,543.0,2765.0,1625.0,43.0,31.0,11.0,31.0,16.0,515.0,56.0,21.0,2016
Ricardo Centurión,ARG,"FW,MF",23.0,15.0,757.0,3.0,44.0,355.0,372.0,78.0,757.0,99.0,41.0,41.4,58.0,58.6,635.0,3814.0,1964.0,67.0,60.0,19.0,79.0,62.0,645.0,110.0,21.0,2016
Agustín Rossi,ARG,GK,20.0,16.0,547.0,482.0,545.0,2.0,0.0,0.0,547.0,0.0,0.0,,0.0,,297.0,1822.0,1532.0,0.0,0.0,0.0,3.0,0.0,174.0,0.0,21.0,2016
Fernando Gago,ARG,MF,30.0,15.9,1334.0,13.0,250.0,951.0,146.0,3.0,1333.0,11.0,10.0,90.9,1.0,9.1,833.0,3504.0,2066.0,30.0,14.0,1.0,18.0,13.0,878.0,13.0,21.0,2016
Fernando Tobio,ARG,DF,26.0,12.6,704.0,75.0,449.0,244.0,15.0,6.0,704.0,3.0,3.0,100.0,0.0,0.0,418.0,2250.0,1422.0,4.0,4.0,0.0,9.0,2.0,427.0,0.0,21.0,2016
Jonathan Silva,ARG,DF,22.0,12.1,817.0,14.0,224.0,390.0,212.0,10.0,817.0,21.0,9.0,42.9,12.0,57.1,410.0,2400.0,1471.0,43.0,33.0,1.0,17.0,10.0,424.0,56.0,21.0,2016
Guillermo Sara,ARG,GK,28.0,12.0,358.0,330.0,358.0,0.0,0.0,0.0,358.0,0.0,0.0,,0.0,,178.0,1187.0,795.0,0.0,1.0,0.0,0.0,0.0,101.0,0.0,21.0,2016
Wílmar Barrios,COL,MF,22.0,12.0,833.0,25.0,252.0,537.0,53.0,6.0,833.0,17.0,14.0,82.4,3.0,17.6,498.0,2303.0,1232.0,16.0,10.0,2.0,17.0,4.0,498.0,10.0,21.0,2016
Carlos Tevez,ARG,"MF,FW",32.0,10.2,602.0,0.0,18.0,305.0,284.0,52.0,602.0,37.0,18.0,48.6,19.0,51.4,496.0,2968.0,1718.0,55.0,49.0,16.0,35.0,15.0,528.0,91.0,21.0,2016
Leonardo Jara,ARG,"DF,MF",25.0,7.4,400.0,21.0,110.0,190.0,105.0,8.0,400.0,8.0,4.0,50.0,4.0,50.0,186.0,695.0,355.0,8.0,13.0,0.0,11.0,10.0,211.0,37.0,21.0,2016
Walter Bou,ARG,FW,22.0,9.5,373.0,5.0,14.0,198.0,166.0,38.0,373.0,13.0,7.0,53.8,6.0,46.2,262.0,1192.0,490.0,19.0,17.0,8.0,48.0,28.0,287.0,57.0,21.0,2016
Lisandro Magallán,ARG,DF,22.0,4.7,247.0,25.0,178.0,65.0,4.0,2.0,247.0,0.0,0.0,,0.0,,134.0,514.0,290.0,1.0,1.0,1.0,3.0,0.0,134.0,1.0,21.0,2016
Fernando Zuqui,ARG,FW,24.0,4.8,302.0,2.0,27.0,148.0,134.0,13.0,302.0,13.0,6.0,46.2,7.0,53.8,229.0,1186.0,550.0,16.0,10.0,5.0,25.0,16.0,232.0,41.0,21.0,2016
Sebastián Pérez Cardona,COL,MF,23.0,4.7,376.0,10.0,107.0,246.0,27.0,1.0,376.0,1.0,1.0,100.0,0.0,0.0,237.0,927.0,477.0,0.0,1.0,0.0,6.0,2.0,250.0,1.0,21.0,2016
Oscar Benítez,ARG,FW,23.0,3.5,139.0,2.0,15.0,65.0,62.0,14.0,139.0,15.0,6.0,40.0,9.0,60.0,94.0,615.0,236.0,10.0,9.0,3.0,18.0,11.0,94.0,20.0,21.0,2016
Andrés Cubas,PAR,MF,20.0,2.3,113.0,2.0,32.0,65.0,16.0,0.0,113.0,2.0,1.0,50.0,1.0,50.0,59.0,202.0,92.0,1.0,1.0,0.0,4.0,3.0,57.0,0.0,21.0,2016
Axel Werner,ARG,GK,20.0,2.0,68.0,60.0,68.0,0.0,0.0,0.0,68.0,0.0,0.0,,0.0,,27.0,179.0,125.0,0.0,0.0,0.0,0.0,0.0,19.0,0.0,21.0,2016
Nazareno Solís,ARG,FW,22.0,1.2,69.0,0.0,8.0,26.0,37.0,6.0,69.0,3.0,0.0,0.0,3.0,100.0,46.0,267.0,168.0,9.0,5.0,0.0,4.0,0.0,50.0,13.0,21.0,2016
Gonzalo Maroni,ARG,"MF,FW",17.0,1.0,32.0,0.0,2.0,19.0,14.0,5.0,32.0,6.0,4.0,66.7,2.0,33.3,24.0,195.0,120.0,5.0,3.0,2.0,5.0,3.0,24.0,3.0,21.0,2016
Federico Carrizo,ARG,"FW,MF",25.0,0.8,38.0,0.0,3.0,15.0,21.0,2.0,38.0,4.0,1.0,25.0,3.0,75.0,27.0,256.0,98.0,4.0,2.0,2.0,3.0,1.0,26.0,6.0,21.0,2016
Gonzalo Castellani,ARG,FW,28.0,0.7,40.0,0.0,3.0,27.0,12.0,1.0,40.0,3.0,3.0,100.0,0.0,0.0,29.0,202.0,68.0,1.0,2.0,0.0,1.0,3.0,26.0,2.0,21.0,2016
Agustín Rossi,ARG,GK,21.0,26.0,782.0,715.0,779.0,4.0,0.0,0.0,782.0,0.0,0.0,,0.0,,335.0,2223.0,1795.0,0.0,0.0,0.0,0.0,0.0,220.0,0.0,21.0,2017
Cristian Pavón,ARG,FW,21.0,25.2,1380.0,2.0,87.0,588.0,734.0,106.0,1380.0,128.0,66.0,51.6,62.0,48.4,905.0,6191.0,3019.0,111.0,72.0,46.0,51.0,52.0,1074.0,307.0,21.0,2017
Lisandro Magallán,ARG,DF,23.0,25.0,1625.0,116.0,986.0,622.0,23.0,17.0,1625.0,2.0,0.0,0.0,2.0,100.0,816.0,3199.0,1761.0,2.0,0.0,0.0,15.0,2.0,953.0,1.0,21.0,2017
Wílmar Barrios,COL,MF,23.0,22.1,1437.0,60.0,474.0,885.0,95.0,5.0,1437.0,25.0,21.0,84.0,3.0,12.0,714.0,3780.0,1795.0,14.0,19.0,2.0,18.0,17.0,787.0,4.0,21.0,2017
Frank Fabra,COL,DF,26.0,21.5,1380.0,57.0,428.0,698.0,270.0,27.0,1380.0,62.0,43.0,69.4,19.0,30.6,678.0,3279.0,1979.0,45.0,34.0,17.0,36.0,18.0,733.0,64.0,21.0,2017
Nahitan Nández,URU,MF,21.0,21.0,1182.0,14.0,166.0,722.0,319.0,57.0,1182.0,48.0,26.0,54.2,22.0,45.8,748.0,4144.0,2155.0,54.0,36.0,9.0,46.0,36.0,831.0,98.0,21.0,2017
Leonardo Jara,ARG,DF,26.0,19.1,1245.0,42.0,322.0,680.0,251.0,14.0,1245.0,32.0,22.0,68.8,10.0,31.3,597.0,2571.0,1493.0,31.0,22.0,2.0,13.0,18.0,695.0,63.0,21.0,2017
Paolo Goltz,ARG,DF,32.0,17.5,1083.0,90.0,630.0,440.0,16.0,9.0,1083.0,4.0,3.0,75.0,1.0,25.0,599.0,2468.0,1466.0,0.0,1.0,0.0,5.0,1.0,693.0,5.0,21.0,2017
Edwin Cardona,COL,"FW,MF",24.0,17.5,1067.0,6.0,69.0,565.0,450.0,43.0,1066.0,61.0,49.0,80.3,12.0,19.7,663.0,4507.0,2104.0,67.0,66.0,14.0,59.0,39.0,783.0,115.0,21.0,2017
Pablo Pérez,ARG,MF,31.0,16.1,1277.0,29.0,157.0,885.0,246.0,25.0,1277.0,33.0,24.0,72.7,9.0,27.3,771.0,3133.0,1342.0,19.0,27.0,4.0,49.0,38.0,922.0,54.0,21.0,2017
Carlos Tevez,ARG,"MF,FW",33.0,9.0,440.0,0.0,17.0,230.0,202.0,38.0,439.0,35.0,18.0,51.4,17.0,48.6,329.0,1919.0,995.0,28.0,32.0,8.0,16.0,27.0,371.0,79.0,21.0,2017
Darío Benedetto,ARG,FW,27.0,8.3,268.0,7.0,17.0,143.0,113.0,30.0,266.0,17.0,11.0,64.7,6.0,35.3,162.0,781.0,312.0,11.0,11.0,4.0,25.0,18.0,222.0,41.0,21.0,2017
Emanuel Reynoso,ARG,"MF,FW",21.0,8.0,587.0,1.0,41.0,362.0,192.0,8.0,587.0,32.0,20.0,62.5,12.0,37.5,385.0,1951.0,919.0,17.0,26.0,1.0,32.0,18.0,421.0,52.0,21.0,2017
Santiago Vergini,ARG,DF,28.0,7.9,461.0,44.0,259.0,197.0,7.0,4.0,461.0,4.0,3.0,75.0,1.0,25.0,250.0,1580.0,1045.0,7.0,1.0,0.0,5.0,2.0,277.0,0.0,21.0,2017
Walter Bou,ARG,FW,23.0,6.4,209.0,5.0,10.0,108.0,91.0,32.0,209.0,6.0,4.0,66.7,2.0,33.3,123.0,399.0,142.0,5.0,2.0,3.0,21.0,13.0,152.0,40.0,21.0,2017
Fernando Gago,ARG,MF,31.0,5.8,488.0,5.0,62.0,373.0,58.0,2.0,488.0,2.0,1.0,50.0,1.0,50.0,272.0,1362.0,839.0,9.0,8.0,0.0,6.0,5.0,375.0,12.0,21.0,2017
Ramón Ábila,ARG,FW,27.0,6.0,176.0,2.0,4.0,87.0,86.0,36.0,176.0,9.0,6.0,66.7,3.0,33.3,118.0,394.0,210.0,8.0,7.0,1.0,16.0,5.0,148.0,42.0,21.0,2017
Emmanuel Más,ARG,DF,28.0,5.4,311.0,8.0,102.0,145.0,65.0,4.0,311.0,6.0,4.0,66.7,2.0,33.3,129.0,654.0,334.0,8.0,7.0,0.0,7.0,3.0,151.0,25.0,21.0,2017
Julio Buffarini,ARG,"DF,MF",28.0,5.0,314.0,14.0,64.0,147.0,105.0,5.0,314.0,7.0,3.0,42.9,4.0,57.1,143.0,677.0,369.0,12.0,8.0,1.0,7.0,4.0,158.0,34.0,21.0,2017
Gino Peruzzi,ARG,DF,25.0,3.5,247.0,10.0,70.0,108.0,71.0,5.0,247.0,12.0,7.0,58.3,5.0,41.7,83.0,353.0,202.0,6.0,3.0,1.0,4.0,3.0,119.0,14.0,21.0,2017
Cristian Espinoza,ARG,FW,22.0,3.1,136.0,0.0,4.0,57.0,80.0,12.0,136.0,13.0,4.0,30.8,9.0,69.2,86.0,745.0,398.0,19.0,10.0,3.0,9.0,7.0,104.0,30.0,21.0,2017
Sebastián Pérez Cardona,COL,MF,24.0,2.5,132.0,5.0,53.0,76.0,3.0,0.0,132.0,0.0,0.0,,0.0,,59.0,166.0,75.0,0.0,0.0,0.0,2.0,2.0,68.0,0.0,21.0,2017
Oscar Benítez,ARG,FW,24.0,3.1,148.0,6.0,20.0,74.0,57.0,8.0,148.0,18.0,5.0,27.8,13.0,72.2,103.0,447.0,168.0,6.0,5.0,0.0,19.0,9.0,105.0,21.0,21.0,2017
Agustín Heredia,ARG,DF,20.0,2.0,104.0,20.0,75.0,29.0,0.0,0.0,104.0,0.0,0.0,,0.0,,37.0,144.0,60.0,0.0,0.0,0.0,1.0,0.0,39.0,0.0,21.0,2017
Guido Vadalá,ARG,FW,20.0,2.0,58.0,1.0,4.0,17.0,37.0,13.0,58.0,5.0,2.0,40.0,3.0,60.0,27.0,136.0,64.0,2.0,1.0,1.0,11.0,3.0,44.0,11.0,21.0,2017
Agustín Almendra,ARG,MF,17.0,1.1,59.0,4.0,17.0,33.0,12.0,2.0,59.0,5.0,4.0,80.0,1.0,20.0,25.0,213.0,165.0,2.0,3.0,1.0,4.0,2.0,27.0,3.0,21.0,2017
Julián Chicco,ARG,MF,19.0,1.0,59.0,2.0,17.0,39.0,3.0,0.0,59.0,1.0,1.0,100.0,0.0,0.0,21.0,132.0,15.0,0.0,1.0,0.0,0.0,2.0,29.0,1.0,21.0,2017
Gonzalo Goñi,ARG,DF,18.0,1.0,30.0,8.0,20.0,9.0,1.0,0.0,30.0,0.0,0.0,,0.0,,6.0,13.0,4.0,0.0,0.0,0.0,1.0,0.0,7.0,1.0,21.0,2017
Guillermo Sara,ARG,GK,29.0,1.0,37.0,32.0,36.0,1.0,0.0,0.0,37.0,0.0,0.0,,0.0,,11.0,151.0,123.0,0.0,0.0,0.0,0.0,0.0,1.0,0.0,21.0,2017
Gonzalo Maroni,ARG,MF,18.0,1.3,73.0,0.0,4.0,40.0,31.0,1.0,73.0,13.0,9.0,69.2,4.0,30.8,59.0,516.0,329.0,12.0,10.0,0.0,4.0,2.0,62.0,7.0,21.0,2017
Agustín Bouzat,ARG,FW,23.0,0.5,41.0,0.0,2.0,10.0,31.0,6.0,41.0,5.0,2.0,40.0,3.0,60.0,30.0,165.0,62.0,2.0,2.0,0.0,6.0,1.0,27.0,9.0,21.0,2017
Gonzalo Lamardo,ARG,MF,20.0,0.3,14.0,1.0,1.0,11.0,2.0,0.0,14.0,0.0,0.0,,0.0,,6.0,20.0,12.0,0.0,1.0,0.0,0.0,0.0,9.0,1.0,21.0,2017
Fernando Evangelista,ARG,FW,25.0,0.0,1.0,0.0,1.0,0.0,0.0,0.0,1.0,0.0,0.0,,0.0,,0.0,0.0,0.0,0.0,0.0,0.0,0.0,0.0,0.0,0.0,21.0,2017
Juan Manuel Insaurralde,ARG,DF,32.0,0.0,2.0,0.0,1.0,0.0,1.0,0.0,2.0,0.0,0.0,,0.0,,0.0,0.0,0.0,0.0,0.0,0.0,0.0,0.0,1.0,0.0,21.0,2017
Esteban Andrada,ARG,GK,27.0,18.0,649.0,521.0,649.0,1.0,0.0,0.0,649.0,0.0,0.0,,0.0,,330.0,2374.0,1862.0,0.0,0.0,0.0,0.0,0.0,192.0,0.0,21.0,2018
Emmanuel Más,ARG,DF,29.0,17.5,935.0,39.0,265.0,487.0,186.0,30.0,935.0,18.0,9.0,50.0,9.0,50.0,460.0,1921.0,1107.0,23.0,20.0,1.0,17.0,18.0,469.0,61.0,21.0,2018
Julio Buffarini,ARG,DF,29.0,17.0,1035.0,49.0,304.0,504.0,246.0,15.0,1035.0,40.0,28.0,70.0,12.0,30.0,549.0,2747.0,1442.0,33.0,35.0,3.0,21.0,21.0,522.0,86.0,21.0,2018
Mauro Zárate,ARG,"FW,MF",31.0,16.6,814.0,0.0,45.0,348.0,431.0,63.0,813.0,62.0,35.0,56.5,27.0,43.5,561.0,4075.0,2036.0,63.0,61.0,15.0,59.0,35.0,609.0,128.0,21.0,2018
Carlos Izquierdoz,ARG,DF,29.0,16.0,913.0,89.0,524.0,365.0,29.0,19.0,913.0,7.0,6.0,85.7,1.0,14.3,476.0,1780.0,978.0,5.0,1.0,0.0,9.0,2.0,502.0,0.0,21.0,2018
Cristian Pavón,ARG,"FW,MF",22.0,12.8,665.0,2.0,49.0,291.0,333.0,58.0,665.0,53.0,22.0,41.5,31.0,58.5,441.0,2572.0,1249.0,52.0,29.0,26.0,33.0,21.0,488.0,122.0,21.0,2018
Carlos Tevez,ARG,"MF,FW",34.0,12.3,638.0,2.0,37.0,333.0,271.0,47.0,637.0,13.0,6.0,46.2,7.0,53.8,458.0,2107.0,1109.0,36.0,31.0,11.0,23.0,21.0,515.0,95.0,21.0,2018
Agustín Almendra,ARG,MF,18.0,11.9,827.0,9.0,181.0,534.0,125.0,11.0,827.0,36.0,21.0,58.3,15.0,41.7,503.0,2057.0,1104.0,18.0,17.0,3.0,31.0,11.0,511.0,13.0,21.0,2018
Iván Marcone,ARG,MF,28.0,11.0,705.0,26.0,189.0,492.0,32.0,0.0,705.0,22.0,20.0,90.9,2.0,9.1,477.0,2174.0,975.0,4.0,3.0,0.0,15.0,4.0,436.0,2.0,21.0,2018
Nahitan Nández,URU,MF,22.0,10.1,585.0,10.0,125.0,354.0,115.0,22.0,585.0,22.0,12.0,54.5,10.0,45.5,357.0,1762.0,872.0,19.0,12.0,6.0,21.0,22.0,377.0,35.0,21.0,2018
Sebastián Villa,COL,"FW,MF",22.0,9.9,475.0,3.0,57.0,212.0,215.0,34.0,475.0,54.0,29.0,53.7,25.0,46.3,323.0,2565.0,1272.0,55.0,33.0,13.0,55.0,7.0,341.0,102.0,21.0,2018
Darío Benedetto,ARG,FW,28.0,9.6,327.0,9.0,16.0,178.0,134.0,29.0,326.0,16.0,6.0,37.5,10.0,62.5,211.0,723.0,198.0,6.0,9.0,4.0,36.0,20.0,265.0,60.0,21.0,2018
Paolo Goltz,ARG,DF,33.0,9.9,549.0,75.0,345.0,200.0,9.0,4.0,549.0,2.0,1.0,50.0,1.0,50.0,268.0,1096.0,733.0,1.0,3.0,0.0,0.0,1.0,281.0,2.0,21.0,2018
Ramón Ábila,ARG,FW,28.0,8.9,250.0,8.0,15.0,119.0,120.0,42.0,250.0,9.0,4.0,44.4,5.0,55.6,165.0,632.0,334.0,13.0,6.0,9.0,25.0,14.0,194.0,47.0,21.0,2018
Fernando Gago,ARG,MF,32.0,8.0,647.0,5.0,103.0,444.0,104.0,4.0,647.0,1.0,0.0,0.0,1.0,100.0,407.0,1580.0,962.0,12.0,10.0,0.0,10.0,8.0,483.0,15.0,21.0,2018
Lisandro López,ARG,DF,28.0,8.0,430.0,55.0,236.0,191.0,8.0,4.0,430.0,6.0,5.0,83.3,1.0,16.7,248.0,1198.0,728.0,3.0,1.0,0.0,1.0,0.0,236.0,0.0,21.0,2018
Jorman Campuzano,COL,MF,22.0,7.9,442.0,21.0,116.0,304.0,33.0,0.0,442.0,11.0,6.0,54.5,5.0,45.5,277.0,1717.0,943.0,10.0,4.0,0.0,9.0,11.0,273.0,4.0,21.0,2018
Edwin Cardona,COL,"FW,MF",25.0,7.5,465.0,6.0,45.0,218.0,210.0,13.0,464.0,31.0,15.0,48.4,16.0,51.6,312.0,2048.0,956.0,28.0,29.0,4.0,30.0,15.0,328.0,52.0,21.0,2018
Lisandro Magallán,ARG,DF,24.0,7.1,316.0,32.0,189.0,119.0,9.0,6.0,316.0,0.0,0.0,,0.0,,133.0,563.0,336.0,2.0,0.0,0.0,2.0,0.0,139.0,0.0,21.0,2018
Emanuel Reynoso,ARG,"MF,FW",22.0,7.0,545.0,3.0,62.0,309.0,182.0,10.0,545.0,42.0,25.0,59.5,17.0,40.5,400.0,2077.0,1077.0,27.0,36.0,7.0,28.0,23.0,390.0,37.0,21.0,2018
Júnior Alonso,PAR,DF,25.0,7.0,430.0,21.0,150.0,252.0,32.0,6.0,430.0,9.0,7.0,77.8,2.0,22.2,219.0,1039.0,603.0,7.0,1.0,0.0,1.0,1.0,240.0,5.0,21.0,2018
Agustín Rossi,ARG,GK,22.0,6.0,190.0,167.0,186.0,4.0,0.0,0.0,190.0,0.0,0.0,,0.0,,91.0,464.0,389.0,0.0,0.0,0.0,0.0,0.0,52.0,0.0,21.0,2018
Wílmar Barrios,COL,MF,24.0,5.7,303.0,18.0,100.0,191.0,18.0,0.0,303.0,10.0,7.0,70.0,3.0,30.0,153.0,802.0,388.0,8.0,6.0,1.0,7.0,8.0,132.0,3.0,21.0,2018
Leonardo Balerdi,ARG,DF,19.0,5.0,281.0,35.0,172.0,109.0,3.0,2.0,281.0,3.0,3.0,100.0,0.0,0.0,158.0,748.0,448.0,0.0,0.0,0.0,5.0,0.0,155.0,0.0,21.0,2018
Lucas Olaza,URU,DF,24.0,3.5,188.0,14.0,75.0,91.0,22.0,1.0,188.0,2.0,2.0,100.0,0.0,0.0,92.0,382.0,247.0,2.0,1.0,0.0,1.0,1.0,79.0,7.0,21.0,2018
Leonardo Jara,ARG,DF,27.0,3.4,201.0,9.0,54.0,110.0,38.0,4.0,201.0,6.0,3.0,50.0,3.0,50.0,73.0,277.0,138.0,2.0,4.0,1.0,2.0,4.0,76.0,7.0,21.0,2018
Pablo Pérez,ARG,MF,32.0,3.7,253.0,4.0,52.0,160.0,43.0,4.0,253.0,8.0,5.0,62.5,3.0,37.5,118.0,350.0,158.0,1.0,1.0,0.0,7.0,6.0,137.0,5.0,21.0,2018
Cristian Espinoza,ARG,FW,23.0,3.3,129.0,3.0,13.0,45.0,73.0,15.0,129.0,9.0,6.0,66.7,3.0,33.3,95.0,542.0,260.0,9.0,4.0,5.0,8.0,6.0,101.0,36.0,21.0,2018
Gino Peruzzi,ARG,DF,26.0,3.0,210.0,8.0,50.0,112.0,49.0,2.0,210.0,3.0,1.0,33.3,2.0,66.7,114.0,396.0,216.0,7.0,4.0,1.0,7.0,5.0,123.0,10.0,21.0,2018
Julián Chicco,ARG,MF,20.0,2.5,151.0,7.0,42.0,101.0,8.0,1.0,151.0,1.0,0.0,0.0,1.0,100.0,67.0,220.0,108.0,0.0,0.0,0.0,2.0,2.0,71.0,2.0,21.0,2018
Kevin Mac Allister,ARG,DF,20.0,1.2,83.0,3.0,20.0,52.0,12.0,0.0,83.0,1.0,0.0,0.0,1.0,100.0,24.0,109.0,40.0,1.0,1.0,0.0,0.0,0.0,39.0,1.0,21.0,2018
Marcos Guillermo Díaz,ARG,GK,32.0,1.0,24.0,21.0,24.0,0.0,0.0,0.0,24.0,0.0,0.0,,0.0,,11.0,109.0,59.0,0.0,0.0,0.0,2.0,0.0,5.0,0.0,21.0,2018
Frank Fabra,COL,DF,27.0,1.0,43.0,2.0,14.0,15.0,15.0,4.0,43.0,4.0,3.0,75.0,1.0,25.0,21.0,153.0,90.0,5.0,4.0,1.0,1.0,0.0,26.0,4.0,21.0,2018
Agustín Obando,ARG,MF,18.0,0.8,19.0,0.0,4.0,8.0,7.0,3.0,19.0,0.0,0.0,,0.0,,14.0,95.0,21.0,2.0,0.0,1.0,1.0,2.0,15.0,3.0,21.0,2018
Nicolás Capaldo,ARG,MF,20.0,0.1,3.0,0.0,1.0,1.0,1.0,0.0,3.0,1.0,1.0,100.0,0.0,0.0,3.0,29.0,4.0,0.0,0.0,0.0,1.0,0.0,2.0,0.0,21.0,2018
Brandon Cortés,CHI,MF,17.0,0.1,7.0,1.0,1.0,2.0,4.0,1.0,7.0,0.0,0.0,,0.0,,2.0,3.0,0.0,0.0,0.0,0.0,0.0,0.0,3.0,1.0,21.0,2018
Mateo Retegui,ITA,FW,19.0,0.1,2.0,1.0,1.0,0.0,1.0,0.0,2.0,1.0,0.0,0.0,1.0,100.0,1.0,4.0,0.0,0.0,0.0,0.0,0.0,0.0,1.0,0.0,21.0,2018
Esteban Andrada,ARG,GK,28.0,20.0,691.0,525.0,688.0,3.0,0.0,0.0,691.0,1.0,1.0,100.0,0.0,0.0,351.0,2628.0,2001.0,0.0,0.0,0.0,0.0,0.0,243.0,0.0,21.0,2019
Julio Buffarini,ARG,DF,30.0,19.7,1085.0,40.0,289.0,529.0,282.0,16.0,1085.0,42.0,27.0,64.3,15.0,35.7,462.0,2431.0,1236.0,25.0,37.0,2.0,24.0,17.0,519.0,80.0,21.0,2019
Frank Fabra,COL,DF,28.0,17.6,1034.0,43.0,325.0,511.0,212.0,26.0,1034.0,58.0,35.0,60.3,23.0,39.7,481.0,2607.0,1580.0,41.0,35.0,7.0,19.0,8.0,504.0,48.0,21.0,2019
Carlos Izquierdoz,ARG,DF,30.0,16.1,955.0,108.0,554.0,378.0,26.0,20.0,955.0,4.0,4.0,100.0,0.0,0.0,450.0,1686.0,859.0,3.0,3.0,0.0,6.0,3.0,536.0,2.0,21.0,2019
Sebastián Villa,COL,"MF,FW",23.0,12.8,599.0,2.0,44.0,249.0,330.0,64.0,599.0,91.0,43.0,47.3,48.0,52.7,409.0,4003.0,2246.0,87.0,49.0,31.0,52.0,16.0,441.0,121.0,21.0,2019
Lisandro López,ARG,DF,29.0,12.3,657.0,78.0,318.0,324.0,24.0,13.0,657.0,6.0,4.0,66.7,2.0,33.3,307.0,1756.0,1151.0,9.0,6.0,1.0,9.0,0.0,333.0,2.0,21.0,2019
Iván Marcone,ARG,MF,29.0,12.5,671.0,32.0,184.0,465.0,27.0,1.0,671.0,10.0,5.0,50.0,5.0,50.0,347.0,1690.0,863.0,2.0,6.0,0.0,10.0,6.0,382.0,5.0,21.0,2019
Eduardo Salvio,ARG,"MF,FW",29.0,12.4,640.0,5.0,50.0,297.0,308.0,68.0,640.0,94.0,54.0,57.4,40.0,42.6,441.0,3102.0,1742.0,66.0,39.0,23.0,40.0,23.0,509.0,117.0,21.0,2019
Franco Soldano,ARG,FW,24.0,11.3,329.0,21.0,41.0,157.0,134.0,43.0,328.0,10.0,2.0,20.0,8.0,80.0,132.0,541.0,222.0,6.0,8.0,2.0,24.0,5.0,212.0,46.0,21.0,2019
Júnior Alonso,PAR,DF,26.0,12.8,824.0,70.0,393.0,406.0,30.0,7.0,824.0,10.0,8.0,80.0,2.0,20.0,411.0,2041.0,1353.0,5.0,8.0,0.0,3.0,3.0,488.0,2.0,21.0,2019
Carlos Tevez,ARG,"FW,MF",35.0,11.7,704.0,2.0,25.0,376.0,310.0,53.0,703.0,33.0,19.0,57.6,14.0,42.4,437.0,2282.0,1116.0,43.0,32.0,14.0,25.0,18.0,567.0,101.0,21.0,2019
Jorman Campuzano,COL,MF,23.0,10.5,701.0,23.0,163.0,498.0,45.0,4.0,701.0,12.0,10.0,83.3,2.0,16.7,400.0,2496.0,1414.0,16.0,5.0,3.0,10.0,10.0,419.0,5.0,21.0,2019
Emanuel Reynoso,ARG,"MF,FW",23.0,10.0,708.0,7.0,84.0,415.0,224.0,10.0,708.0,73.0,44.0,60.3,29.0,39.7,445.0,2741.0,1546.0,45.0,35.0,4.0,28.0,29.0,490.0,35.0,21.0,2019
Nicolás Capaldo,ARG,MF,21.0,9.7,415.0,14.0,79.0,241.0,97.0,19.0,415.0,16.0,9.0,56.3,7.0,43.8,179.0,909.0,456.0,7.0,4.0,2.0,26.0,15.0,208.0,28.0,21.0,2019
Alexis Mac Allister,ARG,MF,20.0,7.9,449.0,6.0,47.0,233.0,174.0,15.0,449.0,21.0,9.0,42.9,12.0,57.1,240.0,1437.0,603.0,15.0,19.0,1.0,26.0,8.0,284.0,38.0,21.0,2019
Guillermo Matías Fernández,ARG,MF,27.0,6.5,442.0,9.0,69.0,300.0,74.0,3.0,442.0,4.0,2.0,50.0,2.0,50.0,217.0,982.0,430.0,6.0,3.0,0.0,11.0,5.0,284.0,8.0,21.0,2019
Agustín Obando,ARG,"MF,FW",19.0,5.9,243.0,13.0,43.0,118.0,84.0,15.0,243.0,14.0,10.0,71.4,4.0,28.6,141.0,685.0,322.0,11.0,9.0,3.0,15.0,9.0,151.0,32.0,21.0,2019
Jan Carlos Hurtado,VEN,FW,19.0,7.1,218.0,15.0,23.0,106.0,95.0,28.0,218.0,19.0,15.0,78.9,4.0,21.1,147.0,790.0,369.0,16.0,13.0,4.0,33.0,13.0,168.0,38.0,21.0,2019
Agustín Almendra,ARG,MF,19.0,4.8,265.0,8.0,53.0,177.0,40.0,4.0,265.0,5.0,3.0,60.0,2.0,40.0,143.0,715.0,338.0,5.0,5.0,1.0,7.0,2.0,150.0,1.0,21.0,2019
Mauro Zárate,ARG,"FW,MF",32.0,5.4,267.0,2.0,11.0,120.0,144.0,19.0,267.0,32.0,20.0,62.5,12.0,37.5,172.0,1146.0,524.0,19.0,15.0,2.0,23.0,6.0,191.0,34.0,21.0,2019
Ramón Ábila,ARG,FW,29.0,5.2,141.0,0.0,3.0,56.0,83.0,35.0,140.0,14.0,6.0,42.9,8.0,57.1,64.0,426.0,151.0,9.0,4.0,11.0,15.0,1.0,103.0,45.0,21.0,2019
Emmanuel Más,ARG,DF,30.0,4.9,241.0,18.0,87.0,96.0,60.0,16.0,241.0,2.0,1.0,50.0,1.0,50.0,80.0,446.0,211.0,6.0,5.0,1.0,9.0,4.0,87.0,15.0,21.0,2019
Paolo Goltz,ARG,DF,34.0,4.0,286.0,30.0,148.0,132.0,8.0,5.0,286.0,1.0,1.0,100.0,0.0,0.0,142.0,649.0,422.0,0.0,1.0,0.0,0.0,1.0,157.0,0.0,21.0,2019
Daniele De Rossi,ITA,MF,36.0,3.8,207.0,16.0,66.0,127.0,15.0,3.0,207.0,2.0,2.0,100.0,0.0,0.0,76.0,274.0,156.0,0.0,0.0,0.0,4.0,0.0,114.0,2.0,21.0,2019
Marcos Guillermo Díaz,ARG,GK,33.0,3.0,102.0,89.0,102.0,0.0,0.0,0.0,102.0,0.0,0.0,,0.0,,48.0,329.0,234.0,0.0,0.0,0.0,0.0,0.0,31.0,0.0,21.0,2019
Marcelo Weigandt,ARG,DF,19.0,3.0,164.0,8.0,30.0,88.0,47.0,5.0,164.0,6.0,1.0,16.7,5.0,83.3,54.0,290.0,136.0,7.0,7.0,1.0,6.0,1.0,60.0,12.0,21.0,2019
Carlos Zambrano,PER,DF,30.0,0.7,56.0,4.0,30.0,25.0,3.0,2.0,56.0,0.0,0.0,,0.0,,27.0,121.0,80.0,0.0,0.0,0.0,1.0,0.0,34.0,0.0,21.0,2019
Gastón Ávila,ARG,DF,17.0,0.1,7.0,0.0,4.0,3.0,0.0,0.0,7.0,0.0,0.0,,0.0,,3.0,14.0,3.0,0.0,0.0,0.0,0.0,1.0,1.0,0.0,21.0,2019
Carlos Izquierdoz,ARG,DF,31.0,19.7,786.0,56.0,425.0,342.0,23.0,19.0,786.0,7.0,7.0,100.0,0.0,0.0,425.0,1574.0,703.0,0.0,1.0,0.0,4.0,1.0,478.0,0.0,,2020
Esteban Andrada,ARG,GK,29.0,18.7,434.0,337.0,432.0,2.0,0.0,0.0,434.0,0.0,0.0,,0.0,,253.0,1457.0,1057.0,0.0,0.0,0.0,2.0,0.0,196.0,0.0,,2020
Nicolás Capaldo,ARG,MF,22.0,17.3,397.0,12.0,62.0,266.0,76.0,14.0,397.0,11.0,9.0,81.8,2.0,18.2,198.0,980.0,414.0,9.0,8.0,3.0,19.0,9.0,243.0,24.0,,2020
Sebastián Villa,COL,"MF,FW",23.0,15.1,358.0,1.0,29.0,138.0,205.0,38.0,357.0,40.0,14.0,35.0,26.0,65.0,237.0,1958.0,996.0,39.0,21.0,18.0,35.0,16.0,253.0,90.0,,2020
Jorman Campuzano,COL,MF,23.0,14.8,545.0,19.0,118.0,401.0,36.0,0.0,545.0,7.0,5.0,71.4,2.0,28.6,313.0,1984.0,989.0,13.0,13.0,0.0,4.0,4.0,322.0,4.0,,2020
Julio Buffarini,ARG,DF,31.0,14.4,297.0,5.0,55.0,166.0,79.0,8.0,297.0,6.0,5.0,83.3,1.0,16.7,154.0,861.0,476.0,14.0,8.0,0.0,1.0,8.0,162.0,25.0,,2020
Carlos Tevez,ARG,FW,35.0,14.3,506.0,0.0,10.0,257.0,245.0,49.0,506.0,24.0,16.0,66.7,8.0,33.3,342.0,1573.0,747.0,26.0,33.0,10.0,21.0,18.0,416.0,93.0,,2020
Leonardo Jara,ARG,DF,28.0,14.1,503.0,8.0,113.0,285.0,109.0,6.0,503.0,7.0,6.0,85.7,1.0,14.3,225.0,754.0,376.0,5.0,9.0,1.0,9.0,3.0,245.0,32.0,,2020
Eduardo Salvio,ARG,MF,29.0,13.7,494.0,3.0,45.0,225.0,239.0,55.0,494.0,90.0,39.0,43.3,51.0,56.7,339.0,2313.0,1061.0,41.0,27.0,16.0,35.0,18.0,339.0,84.0,,2020
Carlos Zambrano,PER,DF,30.0,13.1,159.0,17.0,88.0,68.0,4.0,2.0,159.0,1.0,0.0,0.0,1.0,100.0,84.0,430.0,189.0,0.0,2.0,0.0,0.0,0.0,107.0,0.0,,2020
Frank Fabra,COL,DF,28.0,12.7,539.0,21.0,161.0,265.0,120.0,23.0,539.0,36.0,26.0,72.2,10.0,27.8,282.0,1692.0,1187.0,36.0,23.0,15.0,10.0,9.0,300.0,32.0,,2020
Edwin Cardona,COL,"MF,FW",27.0,12.6,334.0,3.0,25.0,200.0,115.0,7.0,334.0,19.0,15.0,78.9,4.0,21.1,192.0,1155.0,556.0,17.0,11.0,2.0,8.0,5.0,238.0,27.0,,2020
Emmanuel Más,ARG,"DF,MF",31.0,11.6,223.0,13.0,57.0,125.0,44.0,2.0,223.0,12.0,9.0,75.0,3.0,25.0,101.0,474.0,246.0,8.0,6.0,2.0,4.0,5.0,118.0,12.0,,2020
Lisandro López,ARG,DF,30.0,11.3,583.0,33.0,260.0,310.0,17.0,9.0,583.0,5.0,3.0,60.0,2.0,40.0,316.0,1683.0,1073.0,7.0,5.0,0.0,3.0,1.0,354.0,1.0,,2020
Franco Soldano,ARG,FW,25.0,10.1,194.0,5.0,14.0,107.0,74.0,14.0,194.0,3.0,1.0,33.3,2.0,66.7,86.0,249.0,65.0,1.0,3.0,0.0,12.0,2.0,122.0,23.0,,2020
Ramón Ábila,ARG,FW,30.0,9.2,53.0,0.0,0.0,27.0,26.0,15.0,53.0,7.0,4.0,57.1,3.0,42.9,30.0,101.0,49.0,0.0,0.0,0.0,2.0,4.0,39.0,11.0,,2020
Mauro Zárate,ARG,"FW,MF",32.0,7.8,22.0,0.0,1.0,7.0,14.0,1.0,22.0,1.0,1.0,100.0,0.0,0.0,18.0,114.0,27.0,0.0,2.0,0.0,2.0,1.0,20.0,2.0,,2020
Agustín Rossi,ARG,GK,24.0,6.0,,,,,,,,,,,,,,,,,,,,,,,,2020
Guillermo Matías Fernández,ARG,MF,28.0,5.4,416.0,8.0,54.0,283.0,82.0,7.0,416.0,7.0,7.0,100.0,0.0,0.0,281.0,1020.0,452.0,4.0,7.0,0.0,7.0,5.0,309.0,14.0,,2020
Agustín Obando,ARG,"MF,FW",19.0,5.2,133.0,2.0,15.0,53.0,67.0,9.0,133.0,7.0,3.0,42.9,4.0,57.1,82.0,472.0,177.0,8.0,5.0,2.0,6.0,6.0,108.0,39.0,,2020
Diego González,ARG,MF,31.0,4.7,117.0,0.0,23.0,84.0,12.0,0.0,117.0,1.0,0.0,0.0,1.0,100.0,67.0,188.0,68.0,0.0,0.0,0.0,4.0,4.0,76.0,0.0,,2020
Gastón Ávila,ARG,DF,18.0,4.0,,,,,,,,,,,,,,,,,,,,,,,,2020
Gonzalo Maroni,ARG,"MF,FW",20.0,3.5,61.0,1.0,5.0,30.0,28.0,3.0,61.0,6.0,3.0,50.0,3.0,50.0,36.0,193.0,125.0,3.0,5.0,1.0,6.0,4.0,39.0,6.0,,2020
Alan Varela,ARG,MF,18.0,3.2,,,,,,,,,,,,,,,,,,,,,,,,2020
Exequiel Zeballos,ARG,"FW,MF",17.0,2.7,,,,,,,,,,,,,,,,,,,,,,,,2020
Júnior Alonso,PAR,DF,26.0,1.3,94.0,5.0,43.0,49.0,4.0,2.0,94.0,3.0,1.0,33.3,2.0,66.7,74.0,365.0,250.0,3.0,0.0,1.0,0.0,1.0,69.0,1.0,,2020
Emanuel Reynoso,ARG,"MF,FW",24.0,1.2,133.0,0.0,5.0,79.0,49.0,0.0,133.0,6.0,5.0,83.3,1.0,16.7,72.0,433.0,258.0,9.0,4.0,0.0,3.0,0.0,103.0,7.0,,2020
Iván Marcone,ARG,MF,29.0,1.1,82.0,0.0,15.0,58.0,9.0,0.0,82.0,1.0,1.0,100.0,0.0,0.0,41.0,158.0,51.0,0.0,1.0,0.0,2.0,0.0,55.0,0.0,,2020
Walter Bou,ARG,FW,26.0,1.0,41.0,1.0,1.0,16.0,25.0,5.0,41.0,2.0,1.0,50.0,1.0,50.0,27.0,160.0,71.0,4.0,2.0,1.0,8.0,5.0,34.0,16.0,,2020
Luis Vázquez,ARG,FW,19.0,0.0,,,,,,,,,,,,,,,,,,,,,,,,2020
Carlos Izquierdoz,ARG,DF,32.0,40.3,2772.0,246.0,1332.0,1377.0,73.0,46.0,2772.0,16.0,14.0,87.5,2.0,12.5,1615.0,6974.0,3916.0,10.0,6.0,0.0,20.0,10.0,1787.0,5.0,,2021
Agustín Rossi,ARG,GK,25.0,33.0,1079.0,900.0,1073.0,7.0,0.0,0.0,1079.0,2.0,1.0,50.0,1.0,50.0,558.0,3033.0,1874.0,0.0,0.0,0.0,0.0,0.0,455.0,0.0,,2021
Frank Fabra,COL,DF,29.0,32.4,2183.0,70.0,593.0,1032.0,589.0,55.0,2183.0,85.0,43.0,50.6,42.0,49.4,1150.0,6385.0,3633.0,85.0,66.0,18.0,47.0,27.0,1281.0,171.0,,2021
Sebastián Villa,COL,"FW,MF",24.0,24.9,1098.0,1.0,68.0,360.0,689.0,118.0,1096.0,143.0,72.0,50.3,70.0,49.0,812.0,6317.0,2913.0,140.0,66.0,50.0,86.0,32.0,842.0,283.0,,2021
Jorman Campuzano,COL,MF,24.0,23.4,1505.0,49.0,401.0,1029.0,101.0,3.0,1505.0,21.0,12.0,57.1,9.0,42.9,894.0,4568.0,2234.0,24.0,25.0,2.0,23.0,18.0,921.0,8.0,,2021
Cristian Medina,ARG,MF,18.0,23.0,1211.0,18.0,166.0,788.0,274.0,26.0,1211.0,57.0,37.0,64.9,20.0,35.1,797.0,4105.0,1872.0,37.0,35.0,4.0,47.0,31.0,834.0,64.0,,2021
Cristian Pavón,ARG,"FW,MF",25.0,22.2,1145.0,2.0,58.0,486.0,619.0,82.0,1144.0,116.0,67.0,57.8,49.0,42.2,735.0,4603.0,2077.0,82.0,57.0,40.0,46.0,46.0,827.0,234.0,,2021
Lisandro López,ARG,DF,31.0,22.2,1573.0,113.0,688.0,856.0,40.0,18.0,1573.0,11.0,8.0,72.7,3.0,27.3,931.0,4948.0,3024.0,7.0,7.0,2.0,8.0,4.0,1050.0,2.0,,2021
Marcos Rojo,ARG,DF,30.0,21.9,1633.0,156.0,828.0,771.0,43.0,9.0,1632.0,6.0,5.0,83.3,1.0,16.7,973.0,4613.0,2854.0,12.0,9.0,1.0,10.0,2.0,1118.0,4.0,,2021
Agustín Almendra,ARG,MF,20.0,19.5,1434.0,15.0,154.0,970.0,328.0,21.0,1434.0,42.0,29.0,69.0,13.0,31.0,891.0,3509.0,1718.0,26.0,38.0,2.0,32.0,20.0,1061.0,44.0,,2021
Alan Varela,ARG,MF,19.0,16.2,1204.0,27.0,241.0,875.0,90.0,1.0,1204.0,12.0,11.0,91.7,1.0,8.3,692.0,2627.0,1211.0,6.0,11.0,0.0,21.0,8.0,807.0,17.0,,2021
Luis Vázquez,ARG,FW,20.0,16.0,498.0,9.0,17.0,230.0,254.0,83.0,498.0,41.0,22.0,53.7,19.0,46.3,292.0,1185.0,528.0,17.0,9.0,11.0,61.0,21.0,373.0,84.0,,2021
Carlos Tevez,ARG,FW,36.0,15.4,694.0,0.0,13.0,364.0,318.0,53.0,694.0,33.0,20.0,60.6,13.0,39.4,498.0,2170.0,836.0,28.0,38.0,9.0,27.0,27.0,602.0,113.0,,2021
Carlos Zambrano,PER,DF,31.0,14.8,1004.0,48.0,436.0,543.0,34.0,9.0,1004.0,4.0,4.0,100.0,0.0,0.0,684.0,3073.0,1971.0,11.0,8.0,1.0,4.0,2.0,735.0,0.0,,2021
Nicolás Capaldo,ARG,"DF,MF",23.0,14.6,863.0,17.0,171.0,482.0,224.0,17.0,863.0,32.0,18.0,56.3,14.0,43.8,481.0,2254.0,1165.0,27.0,24.0,4.0,17.0,15.0,506.0,74.0,,2021
Edwin Cardona,COL,MF,28.0,14.0,1047.0,8.0,55.0,631.0,374.0,16.0,1047.0,33.0,19.0,57.6,14.0,42.4,636.0,3544.0,1611.0,31.0,41.0,5.0,17.0,20.0,767.0,73.0,,2021
Juan Ramírez,ARG,MF,27.0,12.5,824.0,4.0,78.0,505.0,258.0,17.0,824.0,53.0,34.0,64.2,19.0,35.8,520.0,3070.0,1720.0,51.0,39.0,6.0,26.0,28.0,606.0,56.0,,2021
Luis Advíncula,PER,DF,30.0,11.6,723.0,17.0,187.0,354.0,185.0,9.0,723.0,16.0,9.0,56.3,7.0,43.8,324.0,1598.0,838.0,23.0,18.0,3.0,13.0,12.0,398.0,55.0,,2021
Norberto Briasco,ARM,FW,24.0,11.0,448.0,6.0,17.0,175.0,263.0,33.0,448.0,39.0,26.0,66.7,13.0,33.3,302.0,1914.0,766.0,30.0,21.0,9.0,43.0,11.0,352.0,129.0,,2021
Esteban Andrada,ARG,GK,30.0,11.0,424.0,327.0,422.0,3.0,0.0,0.0,424.0,0.0,0.0,,0.0,,256.0,1474.0,1009.0,0.0,0.0,0.0,0.0,0.0,206.0,0.0,,2021
Aaron Nicolás Molinas,ARG,FW,20.0,10.6,817.0,2.0,53.0,456.0,314.0,18.0,817.0,23.0,13.0,56.5,10.0,43.5,521.0,2275.0,914.0,26.0,26.0,4.0,32.0,24.0,620.0,79.0,,2021
Agustín Sández,PAR,DF,20.0,10.4,694.0,21.0,162.0,341.0,196.0,14.0,694.0,23.0,12.0,52.2,11.0,47.8,362.0,1464.0,683.0,16.0,12.0,1.0,11.0,2.0,378.0,44.0,,2021
Marcelo Weigandt,ARG,DF,21.0,10.4,657.0,24.0,143.0,322.0,193.0,27.0,657.0,24.0,7.0,29.2,17.0,70.8,303.0,1423.0,721.0,13.0,14.0,2.0,16.0,15.0,353.0,37.0,,2021
Esteban Rolón,ARG,MF,25.0,10.0,573.0,13.0,103.0,420.0,53.0,1.0,573.0,8.0,4.0,50.0,4.0,50.0,286.0,1117.0,486.0,4.0,8.0,0.0,12.0,5.0,346.0,8.0,,2021
Rodrigo Montes,ARG,"MF,FW",21.0,8.6,520.0,10.0,71.0,306.0,144.0,15.0,520.0,15.0,7.0,46.7,8.0,53.3,289.0,1437.0,552.0,8.0,10.0,3.0,32.0,10.0,358.0,21.0,,2021
Julio Buffarini,ARG,DF,32.0,8.6,549.0,18.0,151.0,307.0,99.0,10.0,549.0,27.0,19.0,70.4,8.0,29.6,328.0,1896.0,1020.0,23.0,18.0,1.0,7.0,2.0,324.0,34.0,,2021
Diego González,ARG,MF,32.0,7.9,496.0,9.0,71.0,332.0,97.0,14.0,496.0,6.0,3.0,50.0,3.0,50.0,294.0,929.0,417.0,7.0,5.0,0.0,13.0,3.0,339.0,10.0,,2021
Franco Soldano,ARG,FW,26.0,6.5,202.0,14.0,27.0,115.0,61.0,16.0,202.0,3.0,0.0,0.0,3.0,100.0,92.0,361.0,131.0,3.0,2.0,0.0,16.0,3.0,135.0,25.0,,2021
Agustín Obando,ARG,"FW,MF",20.0,5.9,238.0,2.0,31.0,97.0,113.0,12.0,238.0,18.0,8.0,44.4,10.0,55.6,146.0,790.0,403.0,16.0,8.0,5.0,11.0,9.0,166.0,53.0,,2021
Gonzalo Maroni,ARG,"FW,MF",21.0,5.7,282.0,3.0,24.0,169.0,100.0,12.0,282.0,31.0,23.0,74.2,8.0,25.8,202.0,1374.0,693.0,18.0,20.0,1.0,17.0,16.0,205.0,26.0,,2021
Eros Mancuso,ARG,DF,21.0,4.7,295.0,11.0,76.0,143.0,80.0,9.0,295.0,11.0,8.0,72.7,3.0,27.3,151.0,683.0,398.0,7.0,4.0,2.0,7.0,4.0,160.0,25.0,,2021
Nicolás Orsini,ARG,FW,26.0,4.5,123.0,3.0,6.0,56.0,61.0,18.0,123.0,4.0,2.0,50.0,2.0,50.0,58.0,242.0,98.0,4.0,1.0,1.0,16.0,5.0,91.0,20.0,,2021
Mauro Zárate,ARG,"FW,MF",33.0,4.4,173.0,1.0,9.0,83.0,85.0,10.0,173.0,8.0,4.0,50.0,4.0,50.0,112.0,749.0,316.0,9.0,3.0,2.0,6.0,11.0,132.0,32.0,,2021
Eduardo Salvio,ARG,"FW,MF",30.0,4.4,210.0,0.0,7.0,109.0,99.0,22.0,210.0,32.0,19.0,59.4,13.0,40.6,153.0,914.0,407.0,14.0,13.0,9.0,18.0,14.0,183.0,47.0,,2021
Exequiel Zeballos,ARG,MF,18.0,3.9,197.0,1.0,11.0,81.0,109.0,10.0,196.0,24.0,11.0,45.8,13.0,54.2,137.0,1064.0,393.0,17.0,13.0,6.0,15.0,8.0,151.0,47.0,,2021
Emmanuel Más,ARG,DF,32.0,3.8,264.0,14.0,53.0,158.0,56.0,4.0,264.0,6.0,4.0,66.7,2.0,33.3,148.0,745.0,495.0,10.0,7.0,0.0,5.0,1.0,168.0,10.0,,2021
Leonardo Jara,ARG,MF,29.0,3.5,203.0,3.0,35.0,126.0,43.0,4.0,203.0,3.0,3.0,100.0,0.0,0.0,99.0,400.0,166.0,3.0,3.0,0.0,4.0,5.0,136.0,12.0,,2021
Javier Hernán García,ARG,GK,34.0,3.0,117.0,101.0,117.0,0.0,0.0,0.0,117.0,0.0,0.0,,0.0,,75.0,355.0,203.0,0.0,0.0,0.0,0.0,0.0,52.0,0.0,,2021
Ezequiél Fernández,ARG,MF,18.0,2.5,220.0,3.0,55.0,156.0,14.0,0.0,220.0,6.0,6.0,100.0,0.0,0.0,121.0,577.0,347.0,3.0,3.0,0.0,5.0,4.0,149.0,1.0,,2021
Valentín Barco,ARG,DF,16.0,2.3,169.0,5.0,34.0,80.0,58.0,1.0,169.0,15.0,6.0,40.0,9.0,60.0,72.0,390.0,136.0,5.0,2.0,0.0,8.0,5.0,83.0,10.0,,2021
Vicente Taborda,ARG,"MF,FW",19.0,2.1,110.0,1.0,5.0,67.0,42.0,4.0,110.0,7.0,5.0,71.4,2.0,28.6,60.0,398.0,179.0,6.0,7.0,0.0,12.0,6.0,76.0,13.0,,2021
Gabriel Vega,ARG,MF,18.0,2.1,138.0,1.0,21.0,82.0,36.0,4.0,138.0,7.0,5.0,71.4,2.0,28.6,87.0,642.0,348.0,11.0,6.0,0.0,7.0,6.0,98.0,6.0,,2021
Gabriel Aranda,ARG,DF,19.0,2.0,98.0,8.0,46.0,49.0,3.0,3.0,98.0,1.0,1.0,100.0,0.0,0.0,37.0,138.0,70.0,0.0,0.0,0.0,0.0,0.0,60.0,0.0,,2021
Balthazar Bernardi,ARG,DF,19.0,2.0,104.0,6.0,56.0,48.0,0.0,0.0,104.0,0.0,0.0,,0.0,,49.0,279.0,158.0,0.0,0.0,0.0,0.0,1.0,73.0,0.0,,2021
Agustín Lastra,ARG,GK,20.0,2.0,55.0,44.0,55.0,0.0,0.0,0.0,55.0,0.0,0.0,,0.0,,26.0,168.0,83.0,0.0,0.0,0.0,0.0,0.0,20.0,0.0,,2021
Renzo Giampaoli,ARG,DF,21.0,2.0,162.0,17.0,93.0,69.0,2.0,1.0,162.0,2.0,2.0,100.0,0.0,0.0,106.0,460.0,274.0,2.0,0.0,0.0,1.0,0.0,105.0,0.0,,2021
Israel Escalante,ARG,FW,22.0,1.4,35.0,0.0,2.0,12.0,21.0,5.0,35.0,2.0,1.0,50.0,1.0,50.0,22.0,141.0,31.0,1.0,0.0,1.0,4.0,0.0,25.0,12.0,,2021
Érik Bodencer,ARG,FW,20.0,1.2,29.0,1.0,2.0,13.0,15.0,3.0,29.0,3.0,2.0,66.7,1.0,33.3,18.0,85.0,52.0,3.0,2.0,0.0,3.0,3.0,22.0,7.0,,2021
Ezequiel Almirón,ARG,FW,18.0,0.3,10.0,0.0,0.0,4.0,6.0,0.0,10.0,1.0,0.0,0.0,1.0,100.0,7.0,31.0,20.0,1.0,1.0,0.0,2.0,0.0,8.0,2.0,,2021
Nicolás Valentini,ARG,DF,19.0,0.3,35.0,4.0,28.0,7.0,0.0,0.0,35.0,0.0,0.0,,0.0,,27.0,109.0,26.0,0.0,0.0,0.0,0.0,0.0,23.0,0.0,,2021
Juan Cabaña,ARG,MF,19.0,0.2,11.0,0.0,1.0,7.0,3.0,0.0,11.0,1.0,0.0,0.0,1.0,100.0,8.0,29.0,15.0,0.0,0.0,0.0,2.0,0.0,9.0,2.0,,2021
Kevin Duarte,ARG,MF,19.0,0.2,0.0,0.0,0.0,0.0,0.0,0.0,0.0,0.0,0.0,,0.0,,0.0,0.0,0.0,0.0,0.0,0.0,0.0,0.0,0.0,0.0,,2021
Nahuel Génez,ARG,DF,17.0,0.1,5.0,1.0,3.0,1.0,1.0,0.0,5.0,0.0,0.0,,0.0,,2.0,16.0,0.0,0.0,0.0,0.0,0.0,0.0,1.0,1.0,,2021
Iván Alvariño,ARG,FW,19.0,0.1,6.0,1.0,2.0,4.0,1.0,0.0,6.0,0.0,0.0,,0.0,,3.0,27.0,15.0,1.0,1.0,0.0,0.0,1.0,3.0,0.0,,2021
Lucas Palma,ARG,FW,17.0,0.1,2.0,0.0,0.0,0.0,2.0,0.0,2.0,0.0,0.0,,0.0,,2.0,11.0,0.0,0.0,0.0,0.0,0.0,0.0,2.0,1.0,,2021
Agustín Rossi,ARG,GK,26.0,44.2,1391.0,1180.0,1379.0,12.0,0.0,0.0,1391.0,0.0,0.0,,0.0,,717.0,3822.0,2491.0,0.0,0.0,0.0,1.0,1.0,523.0,0.0,,2022
Guillermo Matías Fernández,ARG,MF,30.0,42.2,2506.0,50.0,440.0,1698.0,392.0,54.0,2505.0,46.0,21.0,45.7,25.0,54.3,1478.0,6101.0,2981.0,46.0,41.0,3.0,51.0,25.0,1716.0,97.0,,2022
Frank Fabra,COL,DF,30.0,41.9,2923.0,98.0,662.0,1615.0,684.0,71.0,2923.0,140.0,71.0,50.7,65.0,46.4,1630.0,8637.0,4785.0,125.0,83.0,33.0,48.0,45.0,1731.0,194.0,,2022
Luis Advíncula,PER,DF,31.0,41.1,2499.0,76.0,618.0,1335.0,567.0,26.0,2499.0,54.0,28.0,51.9,22.0,40.7,1313.0,6132.0,3159.0,62.0,51.0,4.0,44.0,38.0,1442.0,133.0,,2022
Sebastián Villa,COL,"MF,FW",25.0,32.7,1632.0,4.0,89.0,585.0,1002.0,107.0,1632.0,190.0,97.0,51.1,87.0,45.8,1138.0,9356.0,4191.0,177.0,119.0,57.0,126.0,55.0,1200.0,385.0,,2022
Alan Varela,ARG,MF,20.0,32.3,2033.0,77.0,474.0,1419.0,153.0,5.0,2033.0,22.0,12.0,54.5,10.0,45.5,1074.0,4235.0,1676.0,11.0,9.0,1.0,35.0,17.0,1234.0,17.0,,2022
Óscar Romero,PAR,MF,29.0,31.5,2278.0,19.0,186.0,1428.0,695.0,32.0,2278.0,134.0,69.0,51.5,57.0,42.5,1405.0,7087.0,3134.0,72.0,58.0,5.0,74.0,57.0,1602.0,142.0,,2022
Darío Benedetto,ARG,FW,31.0,30.0,832.0,25.0,39.0,401.0,402.0,101.0,828.0,33.0,20.0,60.6,12.0,36.4,493.0,2049.0,554.0,17.0,20.0,6.0,68.0,35.0,624.0,161.0,,2022
Marcos Rojo,ARG,DF,31.0,28.4,1996.0,199.0,1014.0,930.0,63.0,29.0,1993.0,6.0,4.0,66.7,2.0,33.3,1165.0,5179.0,3043.0,15.0,14.0,0.0,9.0,5.0,1279.0,1.0,,2022
Juan Ramírez,ARG,MF,28.0,24.8,1275.0,13.0,125.0,820.0,357.0,38.0,1275.0,82.0,51.0,62.2,27.0,32.9,791.0,4712.0,2618.0,80.0,62.0,7.0,49.0,50.0,900.0,97.0,,2022
Carlos Zambrano,PER,DF,32.0,24.7,1461.0,127.0,717.0,716.0,33.0,15.0,1461.0,7.0,4.0,57.1,3.0,42.9,838.0,4327.0,2548.0,12.0,5.0,0.0,8.0,5.0,948.0,2.0,,2022
Luis Vázquez,ARG,FW,21.0,21.5,633.0,13.0,25.0,278.0,330.0,85.0,633.0,48.0,18.0,37.5,27.0,56.3,362.0,1491.0,519.0,23.0,13.0,11.0,75.0,39.0,490.0,120.0,,2022
Cristian Medina,ARG,MF,19.0,16.0,879.0,24.0,147.0,516.0,231.0,25.0,879.0,52.0,30.0,57.7,18.0,34.6,510.0,2937.0,1358.0,28.0,24.0,7.0,33.0,24.0,579.0,57.0,,2022
Carlos Izquierdoz,ARG,DF,33.0,15.7,1061.0,89.0,516.0,506.0,42.0,21.0,1061.0,1.0,1.0,100.0,0.0,0.0,616.0,2744.0,1498.0,0.0,1.0,0.0,7.0,2.0,675.0,4.0,,2022
Jorge Figal,ARG,DF,27.0,15.1,1028.0,84.0,480.0,478.0,77.0,7.0,1028.0,7.0,3.0,42.9,4.0,57.1,607.0,3387.0,1715.0,11.0,10.0,0.0,18.0,6.0,611.0,16.0,,2022
Exequiel Zeballos,ARG,"MF,FW",19.0,14.9,689.0,4.0,28.0,269.0,407.0,49.0,689.0,93.0,48.0,51.6,44.0,47.3,478.0,3965.0,2020.0,81.0,55.0,29.0,60.0,32.0,492.0,147.0,,2022
Eduardo Salvio,ARG,MF,31.0,11.9,574.0,4.0,22.0,250.0,316.0,56.0,572.0,83.0,32.0,38.6,51.0,61.4,435.0,2830.0,1177.0,46.0,35.0,13.0,41.0,22.0,449.0,117.0,,2022
Agustín Sández,PAR,DF,21.0,11.8,805.0,33.0,258.0,427.0,132.0,10.0,805.0,14.0,8.0,57.1,6.0,42.9,347.0,1606.0,855.0,12.0,6.0,2.0,15.0,10.0,416.0,48.0,,2022
Gabriel Aranda,ARG,DF,20.0,11.0,608.0,58.0,335.0,265.0,10.0,9.0,608.0,0.0,0.0,,0.0,,360.0,1577.0,818.0,2.0,2.0,0.0,2.0,0.0,407.0,1.0,,2022
Aaron Nicolás Molinas,ARG,MF,21.0,11.0,754.0,4.0,40.0,466.0,261.0,8.0,754.0,21.0,12.0,57.1,8.0,38.1,476.0,2486.0,1142.0,31.0,36.0,1.0,29.0,21.0,556.0,48.0,,2022
Luca Langoni,ARG,"FW,MF",19.0,10.5,265.0,0.0,11.0,101.0,155.0,27.0,265.0,23.0,5.0,21.7,10.0,43.5,178.0,1297.0,448.0,18.0,12.0,1.0,30.0,15.0,207.0,77.0,,2022
Jorman Campuzano,COL,MF,25.0,9.9,581.0,29.0,143.0,406.0,38.0,3.0,581.0,7.0,4.0,57.1,3.0,42.9,338.0,1640.0,823.0,5.0,6.0,0.0,8.0,8.0,349.0,5.0,,2022
Marcelo Weigandt,ARG,DF,22.0,9.0,676.0,19.0,149.0,379.0,154.0,11.0,676.0,20.0,11.0,55.0,8.0,40.0,342.0,1638.0,824.0,13.0,11.0,0.0,22.0,8.0,369.0,25.0,,2022
Facundo Roncaglia,ARG,DF,34.0,8.7,529.0,63.0,325.0,202.0,7.0,4.0,529.0,3.0,2.0,66.7,1.0,33.3,272.0,1413.0,695.0,0.0,0.0,0.0,3.0,0.0,311.0,0.0,,2022
Javier Hernán García,ARG,GK,35.0,8.0,255.0,221.0,255.0,0.0,0.0,0.0,255.0,1.0,1.0,100.0,0.0,0.0,119.0,563.0,296.0,0.0,0.0,0.0,0.0,0.0,107.0,0.0,,2022
Martín Payero,ARG,"MF,FW",23.0,7.5,350.0,5.0,33.0,198.0,124.0,14.0,350.0,34.0,13.0,38.2,17.0,50.0,195.0,1388.0,561.0,17.0,13.0,2.0,27.0,17.0,237.0,39.0,,2022
Nicolás Orsini,ARG,FW,27.0,5.6,185.0,5.0,8.0,85.0,93.0,29.0,185.0,5.0,0.0,0.0,5.0,100.0,96.0,382.0,103.0,4.0,5.0,3.0,14.0,10.0,143.0,39.0,,2022
Esteban Rolón,ARG,MF,26.0,4.4,313.0,10.0,87.0,206.0,23.0,1.0,313.0,4.0,4.0,100.0,0.0,0.0,161.0,578.0,252.0,0.0,0.0,0.0,4.0,3.0,176.0,3.0,,2022
Gastón Ávila,ARG,DF,20.0,3.6,238.0,12.0,109.0,114.0,15.0,5.0,238.0,0.0,0.0,,0.0,,153.0,668.0,458.0,2.0,3.0,0.0,0.0,1.0,166.0,4.0,,2022
Diego González,ARG,MF,33.0,3.0,194.0,2.0,28.0,125.0,41.0,7.0,194.0,4.0,2.0,50.0,2.0,50.0,99.0,338.0,152.0,4.0,3.0,0.0,3.0,3.0,129.0,5.0,,2022
Norberto Briasco,ARM,"FW,MF",25.0,1.7,55.0,0.0,5.0,26.0,25.0,2.0,55.0,4.0,1.0,25.0,3.0,75.0,31.0,228.0,59.0,2.0,4.0,0.0,9.0,5.0,37.0,10.0,,2022
Gonzalo Morales,ARG,FW,18.0,1.5,40.0,0.0,1.0,13.0,27.0,6.0,40.0,2.0,1.0,50.0,1.0,50.0,34.0,126.0,60.0,1.0,3.0,0.0,8.0,3.0,35.0,12.0,,2022
Gabriel Vega,ARG,MF,19.0,1.0,58.0,0.0,5.0,46.0,7.0,0.0,58.0,8.0,4.0,50.0,4.0,50.0,36.0,225.0,81.0,2.0,2.0,0.0,3.0,4.0,42.0,6.0,,2022
Maximiliano Zalazar,ARG,"FW,MF",20.0,0.6,23.0,0.0,5.0,12.0,7.0,1.0,23.0,3.0,1.0,33.3,2.0,66.7,8.0,72.0,22.0,2.0,1.0,0.0,2.0,0.0,11.0,3.0,,2022
Leandro Brey,ARG,GK,19.0,0.5,3.0,3.0,3.0,0.0,0.0,0.0,3.0,0.0,0.0,,0.0,,2.0,19.0,12.0,0.0,0.0,0.0,0.0,0.0,2.0,0.0,,2022
Brandon Cortés,CHI,"MF,FW",20.0,0.4,26.0,0.0,3.0,15.0,9.0,0.0,26.0,1.0,0.0,0.0,1.0,100.0,15.0,70.0,34.0,1.0,0.0,0.0,2.0,3.0,21.0,3.0,,2022
Simón Rivero,ARG,"MF,FW",18.0,0.2,9.0,0.0,3.0,4.0,4.0,1.0,9.0,1.0,0.0,0.0,1.0,100.0,5.0,24.0,5.0,0.0,0.0,0.0,1.0,2.0,3.0,2.0,,2022
Agustín Almendra,ARG,MF,21.0,0.1,10.0,0.0,3.0,6.0,1.0,0.0,10.0,0.0,0.0,,0.0,,7.0,15.0,3.0,0.0,0.0,0.0,0.0,0.0,6.0,0.0,,2022
Vicente Taborda,ARG,MF,20.0,0.0,6.0,0.0,0.0,6.0,0.0,0.0,6.0,0.0,0.0,,0.0,,5.0,14.0,7.0,0.0,0.0,0.0,0.0,1.0,5.0,0.0,,2022
Sergio Romero,ARG,GK,35.0,46.3,1357.0,1149.0,1348.0,9.0,0.0,0.0,1357.0,0.0,0.0,,0.0,,628.0,3249.0,2213.0,0.0,0.0,0.0,1.0,0.0,477.0,0.0,,2023
Jorge Figal,ARG,DF,28.0,40.5,2508.0,276.0,1344.0,1083.0,108.0,30.0,2508.0,44.0,29.0,65.9,11.0,25.0,1405.0,8928.0,5172.0,32.0,17.0,0.0,29.0,14.0,1594.0,12.0,,2023
Guillermo Matías Fernández,ARG,MF,31.0,37.8,2535.0,76.0,567.0,1597.0,391.0,45.0,2535.0,44.0,22.0,50.0,18.0,40.9,1360.0,6505.0,3264.0,44.0,45.0,4.0,33.0,23.0,1711.0,91.0,,2023
Cristian Medina,ARG,"MF,FW",20.0,33.3,1956.0,31.0,280.0,1180.0,519.0,60.0,1956.0,107.0,63.0,58.9,36.0,33.6,1288.0,7340.0,3990.0,106.0,93.0,14.0,71.0,60.0,1523.0,110.0,,2023
Luis Advíncula,PER,"DF,FW",32.0,32.8,1766.0,59.0,421.0,897.0,472.0,39.0,1766.0,66.0,36.0,54.5,25.0,37.9,977.0,5600.0,2977.0,84.0,45.0,9.0,43.0,34.0,1142.0,150.0,,2023
Frank Fabra,COL,DF,31.0,29.6,2105.0,75.0,566.0,1033.0,529.0,54.0,2105.0,63.0,36.0,57.1,25.0,39.7,1042.0,4812.0,2903.0,72.0,52.0,10.0,33.0,23.0,1261.0,168.0,,2023
Miguel Merentiel,URU,FW,26.0,27.0,748.0,10.0,34.0,347.0,383.0,95.0,746.0,47.0,27.0,57.4,19.0,40.4,430.0,2186.0,955.0,25.0,31.0,11.0,55.0,25.0,576.0,137.0,,2023
Alan Varela,ARG,MF,21.0,26.3,1867.0,83.0,544.0,1203.0,132.0,6.0,1867.0,29.0,20.0,69.0,8.0,27.6,975.0,4273.0,2035.0,12.0,10.0,0.0,24.0,19.0,1236.0,11.0,,2023
Nicolás Valentini,ARG,DF,21.0,25.7,1723.0,161.0,831.0,851.0,48.0,20.0,1723.0,12.0,6.0,50.0,5.0,41.7,893.0,4650.0,3103.0,13.0,8.0,0.0,9.0,4.0,1081.0,3.0,,2023
Bruno Valdez,PAR,"DF,FW",30.0,25.5,1828.0,171.0,876.0,918.0,41.0,24.0,1828.0,10.0,5.0,50.0,5.0,50.0,1009.0,5142.0,3215.0,11.0,6.0,1.0,14.0,1.0,1164.0,3.0,,2023
Ezequiél Fernández,ARG,MF,20.0,25.2,2062.0,45.0,407.0,1405.0,267.0,17.0,2062.0,71.0,36.0,50.7,28.0,39.4,1263.0,6049.0,2998.0,38.0,41.0,2.0,54.0,30.0,1535.0,38.0,,2023
Marcelo Weigandt,ARG,DF,23.0,24.4,1560.0,77.0,502.0,735.0,339.0,51.0,1560.0,52.0,21.0,40.4,22.0,42.3,815.0,4090.0,2018.0,52.0,36.0,8.0,47.0,28.0,922.0,117.0,,2023
Valentín Barco,ARG,"MF,DF",18.0,22.9,1550.0,20.0,255.0,785.0,536.0,40.0,1550.0,128.0,60.0,46.9,49.0,38.3,946.0,5380.0,2866.0,72.0,64.0,18.0,63.0,54.0,1101.0,142.0,,2023
Darío Benedetto,ARG,FW,32.0,19.2,559.0,15.0,29.0,276.0,259.0,69.0,558.0,32.0,12.0,37.5,19.0,59.4,310.0,1412.0,319.0,11.0,12.0,4.0,58.0,24.0,410.0,101.0,,2023
Sebastián Villa,COL,"FW,MF",26.0,18.9,1051.0,0.0,79.0,443.0,561.0,69.0,1051.0,130.0,64.0,49.2,52.0,40.0,724.0,5831.0,2942.0,113.0,68.0,36.0,55.0,27.0,770.0,207.0,,2023
Facundo Roncaglia,ARG,DF,35.0,15.7,980.0,103.0,512.0,441.0,32.0,6.0,980.0,7.0,7.0,100.0,0.0,0.0,527.0,2626.0,1345.0,5.0,2.0,1.0,6.0,4.0,566.0,9.0,,2023
Óscar Romero,PAR,"FW,MF",30.0,13.6,1070.0,5.0,62.0,685.0,338.0,19.0,1070.0,59.0,34.0,57.6,17.0,28.8,696.0,3214.0,1361.0,33.0,32.0,1.0,33.0,23.0,824.0,83.0,,2023
Edinson Cavani,URU,FW,35.0,12.6,411.0,14.0,49.0,206.0,162.0,43.0,411.0,11.0,4.0,36.4,7.0,63.6,228.0,886.0,295.0,4.0,11.0,0.0,28.0,9.0,296.0,62.0,,2023
Marcelo Saracchi,URU,DF,24.0,11.6,824.0,26.0,232.0,402.0,194.0,15.0,824.0,22.0,11.0,50.0,11.0,50.0,355.0,1907.0,969.0,21.0,11.0,2.0,14.0,10.0,480.0,62.0,,2023
Luca Langoni,ARG,"FW,MF",20.0,10.3,344.0,3.0,17.0,140.0,192.0,35.0,344.0,37.0,14.0,37.8,20.0,54.1,225.0,1424.0,568.0,23.0,10.0,5.0,34.0,13.0,262.0,96.0,,2023
Lucas Janson,ARG,"FW,MF",28.0,9.5,391.0,4.0,28.0,185.0,183.0,33.0,391.0,27.0,14.0,51.9,11.0,40.7,272.0,1474.0,665.0,22.0,15.0,6.0,26.0,19.0,350.0,98.0,,2023
Marcos Rojo,ARG,DF,32.0,9.0,636.0,68.0,363.0,254.0,21.0,4.0,636.0,2.0,2.0,100.0,0.0,0.0,358.0,1673.0,1124.0,4.0,5.0,0.0,0.0,1.0,453.0,2.0,,2023
Javier Hernán García,ARG,GK,36.0,9.0,272.0,242.0,270.0,2.0,0.0,0.0,272.0,0.0,0.0,,0.0,,132.0,606.0,381.0,0.0,0.0,0.0,0.0,0.0,130.0,0.0,,2023
Juan Ramírez,ARG,"MF,FW",29.0,8.9,507.0,2.0,57.0,313.0,147.0,13.0,507.0,27.0,11.0,40.7,13.0,48.1,303.0,1761.0,983.0,31.0,25.0,3.0,18.0,17.0,379.0,42.0,,2023
Jorman Campuzano,COL,MF,26.0,8.3,606.0,16.0,171.0,415.0,26.0,2.0,606.0,10.0,5.0,50.0,3.0,30.0,361.0,2014.0,1064.0,8.0,6.0,0.0,2.0,7.0,405.0,4.0,,2023
Exequiel Zeballos,ARG,"FW,DF",20.0,8.0,412.0,3.0,29.0,161.0,228.0,28.0,412.0,76.0,26.0,34.2,42.0,55.3,259.0,2104.0,989.0,39.0,29.0,11.0,31.0,15.0,305.0,98.0,,2023
Martín Payero,ARG,MF,24.0,7.6,432.0,5.0,50.0,262.0,128.0,15.0,432.0,32.0,14.0,43.8,17.0,53.1,266.0,1464.0,707.0,16.0,12.0,3.0,22.0,9.0,304.0,26.0,,2023
Norberto Briasco,ARM,FW,26.0,7.1,351.0,1.0,26.0,145.0,184.0,25.0,351.0,42.0,18.0,42.9,23.0,54.8,229.0,1673.0,740.0,34.0,11.0,9.0,31.0,12.0,262.0,106.0,,2023
Lucas Blondel,SUI,DF,26.0,6.6,573.0,15.0,155.0,324.0,104.0,9.0,573.0,11.0,5.0,45.5,5.0,45.5,267.0,1317.0,808.0,11.0,14.0,2.0,12.0,2.0,358.0,23.0,,2023
Luis Vázquez,ARG,FW,22.0,6.3,228.0,8.0,14.0,116.0,99.0,33.0,228.0,17.0,7.0,41.2,9.0,52.9,120.0,537.0,281.0,11.0,9.0,7.0,23.0,12.0,157.0,36.0,,2023
Agustín Sández,PAR,DF,22.0,5.4,378.0,11.0,97.0,179.0,105.0,7.0,378.0,15.0,8.0,53.3,6.0,40.0,182.0,1040.0,511.0,14.0,13.0,2.0,5.0,10.0,228.0,32.0,,2023
Ezequiel Bullaude,ARG,"FW,MF",22.0,4.3,230.0,3.0,19.0,138.0,76.0,14.0,230.0,18.0,9.0,50.0,8.0,44.4,136.0,669.0,332.0,8.0,7.0,3.0,15.0,8.0,160.0,23.0,,2023
Aaron Anselmino,ARG,DF,17.0,3.3,219.0,21.0,128.0,89.0,2.0,1.0,219.0,4.0,3.0,75.0,0.0,0.0,145.0,590.0,315.0,0.0,0.0,0.0,0.0,0.0,150.0,0.0,,2023
Vicente Taborda,ARG,MF,21.0,2.4,224.0,0.0,10.0,116.0,102.0,5.0,224.0,14.0,8.0,57.1,4.0,28.6,135.0,782.0,466.0,12.0,16.0,0.0,6.0,4.0,168.0,26.0,,2023
Jabes Saralegui,ARG,MF,20.0,2.3,102.0,2.0,18.0,61.0,24.0,4.0,102.0,5.0,2.0,40.0,2.0,40.0,54.0,224.0,107.0,1.0,2.0,1.0,1.0,1.0,74.0,3.0,,2023
Esteban Rolón,ARG,FW,27.0,2.3,214.0,3.0,46.0,134.0,37.0,3.0,214.0,6.0,3.0,50.0,2.0,33.3,110.0,421.0,216.0,1.0,3.0,1.0,6.0,7.0,141.0,1.0,,2023
Nicolás Orsini,ARG,FW,28.0,2.3,71.0,2.0,2.0,25.0,45.0,12.0,71.0,5.0,3.0,60.0,2.0,40.0,33.0,145.0,21.0,1.0,1.0,0.0,6.0,1.0,50.0,15.0,,2023
Diego González,ARG,MF,34.0,1.2,119.0,3.0,28.0,82.0,9.0,0.0,119.0,0.0,0.0,,0.0,,63.0,250.0,82.0,0.0,2.0,0.0,1.0,4.0,83.0,3.0,,2023
Nahuel Génez,ARG,DF,19.0,1.0,70.0,1.0,16.0,37.0,17.0,0.0,70.0,5.0,2.0,40.0,3.0,60.0,50.0,289.0,130.0,3.0,2.0,0.0,0.0,0.0,52.0,8.0,,2023
Brandon Cortés,CHI,MF,21.0,0.2,23.0,1.0,2.0,15.0,6.0,1.0,23.0,1.0,1.0,100.0,0.0,0.0,18.0,93.0,20.0,0.0,0.0,0.0,0.0,1.0,17.0,4.0,,2023
Gonzalo Morales,ARG,FW,19.0,0.1,2.0,0.0,0.0,1.0,1.0,0.0,2.0,0.0,0.0,,0.0,,1.0,0.0,0.0,0.0,0.0,0.0,0.0,0.0,1.0,0.0,,2023
Miguel Merentiel,URU,FW,27.0,38.3,912.0,14.0,42.0,404.0,477.0,120.0,911.0,64.0,38.0,59.4,26.0,40.6,551.0,3727.0,1713.0,57.0,43.0,26.0,54.0,27.0,692.0,202.0,,2024
Sergio Romero,ARG,GK,36.0,36.0,863.0,720.0,858.0,6.0,0.0,0.0,863.0,0.0,0.0,,0.0,,434.0,2312.0,1546.0,0.0,0.0,0.0,0.0,0.0,357.0,0.0,,2024
Lautaro Blanco,ARG,DF,24.0,35.0,1895.0,47.0,475.0,857.0,575.0,13.0,1895.0,60.0,30.0,50.0,26.0,43.3,884.0,5180.0,2602.0,90.0,56.0,5.0,38.0,14.0,1067.0,182.0,,2024
Kevin Zenon,ARG,"MF,FW",22.0,33.9,1566.0,14.0,150.0,750.0,701.0,70.0,1566.0,123.0,57.0,46.3,57.0,46.3,946.0,5711.0,3104.0,101.0,75.0,15.0,79.0,44.0,1083.0,208.0,,2024
Luis Advíncula,PER,DF,33.0,33.7,1604.0,59.0,379.0,791.0,453.0,35.0,1604.0,54.0,26.0,48.1,27.0,50.0,829.0,4320.0,2253.0,64.0,45.0,7.0,28.0,27.0,954.0,142.0,,2024
Guillermo Matías Fernández,ARG,MF,32.0,32.0,1802.0,74.0,476.0,1113.0,225.0,9.0,1802.0,42.0,21.0,50.0,16.0,38.1,923.0,4483.0,2361.0,37.0,21.0,1.0,33.0,13.0,1163.0,35.0,,2024
Cristian Lema,ARG,DF,33.0,29.2,1455.0,180.0,755.0,625.0,82.0,35.0,1455.0,11.0,8.0,72.7,3.0,27.3,702.0,3290.0,1943.0,15.0,9.0,0.0,11.0,6.0,825.0,10.0,,2024
Edinson Cavani,URU,FW,36.0,27.0,597.0,32.0,95.0,252.0,255.0,78.0,596.0,23.0,11.0,47.8,9.0,39.1,314.0,1062.0,358.0,7.0,6.0,3.0,54.0,9.0,419.0,102.0,,2024
Jorge Figal,ARG,DF,29.0,25.3,1347.0,150.0,706.0,584.0,62.0,9.0,1347.0,9.0,5.0,55.6,4.0,44.4,762.0,4272.0,2415.0,15.0,5.0,0.0,7.0,9.0,882.0,10.0,,2024
Cristian Medina,ARG,MF,21.0,24.6,1129.0,35.0,207.0,693.0,240.0,29.0,1129.0,55.0,25.0,45.5,26.0,47.3,656.0,3515.0,1894.0,43.0,30.0,5.0,36.0,32.0,802.0,55.0,,2024
Marcos Rojo,ARG,DF,33.0,18.1,1083.0,123.0,578.0,479.0,31.0,10.0,1083.0,5.0,4.0,80.0,1.0,20.0,581.0,2806.0,1809.0,12.0,4.0,0.0,6.0,2.0,758.0,5.0,,2024
Marcelo Saracchi,URU,"DF,MF",25.0,15.3,751.0,38.0,257.0,324.0,180.0,16.0,751.0,18.0,11.0,61.1,7.0,38.9,349.0,1941.0,878.0,18.0,16.0,5.0,11.0,6.0,437.0,80.0,,2024
Leandro Brey,ARG,GK,21.0,14.6,404.0,348.0,392.0,1.0,11.0,9.0,404.0,0.0,0.0,,0.0,,182.0,875.0,535.0,0.0,1.0,0.0,0.0,0.0,132.0,3.0,,2024
Jabes Saralegui,ARG,"MF,DF",21.0,14.4,440.0,10.0,72.0,227.0,143.0,11.0,440.0,23.0,11.0,47.8,10.0,43.5,211.0,1015.0,518.0,9.0,4.0,1.0,17.0,5.0,271.0,39.0,,2024
Tomás Belmonte,ARG,MF,25.0,14.1,809.0,32.0,208.0,516.0,92.0,10.0,809.0,11.0,4.0,36.4,5.0,45.5,356.0,1249.0,633.0,5.0,6.0,0.0,16.0,6.0,484.0,14.0,,2024
Lautaro Di Lollo,ARG,DF,19.0,14.0,692.0,89.0,366.0,318.0,12.0,1.0,692.0,6.0,3.0,50.0,3.0,50.0,364.0,2157.0,1403.0,4.0,4.0,0.0,6.0,2.0,429.0,2.0,,2024
Ezequiél Fernández,ARG,MF,21.0,13.9,849.0,15.0,166.0,571.0,117.0,9.0,849.0,21.0,12.0,57.1,8.0,38.1,525.0,2140.0,1157.0,15.0,12.0,1.0,17.0,10.0,609.0,16.0,,2024
Milton Giménez,ARG,FW,27.0,12.1,296.0,14.0,30.0,134.0,134.0,38.0,296.0,19.0,9.0,47.4,9.0,47.4,133.0,614.0,161.0,5.0,5.0,1.0,36.0,18.0,201.0,43.0,,2024
Aaron Anselmino,ARG,DF,18.0,12.0,674.0,64.0,320.0,342.0,19.0,3.0,674.0,9.0,4.0,44.4,5.0,55.6,326.0,1795.0,1167.0,9.0,2.0,0.0,13.0,2.0,416.0,1.0,,2024
Exequiel Zeballos,ARG,"MF,FW",21.0,11.9,443.0,3.0,40.0,131.0,281.0,61.0,443.0,60.0,25.0,41.7,33.0,55.0,308.0,2252.0,1207.0,45.0,27.0,18.0,40.0,26.0,335.0,102.0,,2024
Brian Aguirre,ARG,"FW,MF",20.0,9.9,413.0,2.0,25.0,173.0,219.0,30.0,413.0,36.0,15.0,41.7,21.0,58.3,229.0,1814.0,705.0,26.0,15.0,7.0,24.0,14.0,279.0,88.0,,2024
Luca Langoni,ARG,FW,21.0,9.6,260.0,2.0,20.0,94.0,150.0,28.0,260.0,34.0,12.0,35.3,16.0,47.1,158.0,895.0,328.0,9.0,9.0,5.0,28.0,8.0,174.0,65.0,,2024
Ignacio Miramon,ARG,MF,20.0,8.8,503.0,10.0,101.0,335.0,70.0,2.0,503.0,16.0,8.0,50.0,7.0,43.8,257.0,1372.0,586.0,10.0,5.0,0.0,12.0,14.0,308.0,15.0,,2024
Gary Medel,CHI,"DF,MF",36.0,7.8,482.0,55.0,276.0,190.0,17.0,0.0,482.0,1.0,0.0,0.0,1.0,100.0,260.0,1134.0,480.0,0.0,0.0,0.0,5.0,2.0,353.0,0.0,,2024
Lucas Janson,ARG,"FW,MF",29.0,7.7,190.0,6.0,18.0,78.0,97.0,18.0,190.0,12.0,4.0,33.3,6.0,50.0,115.0,620.0,313.0,9.0,11.0,1.0,11.0,7.0,148.0,50.0,,2024
Frank Fabra,COL,"DF,MF",32.0,6.2,334.0,13.0,77.0,167.0,91.0,8.0,334.0,15.0,7.0,46.7,8.0,53.3,179.0,904.0,531.0,16.0,6.0,2.0,5.0,9.0,208.0,33.0,,2024
Milton Delgado,ARG,MF,18.0,6.0,212.0,6.0,60.0,138.0,18.0,0.0,212.0,6.0,2.0,33.3,4.0,66.7,92.0,668.0,360.0,5.0,1.0,0.0,5.0,3.0,127.0,4.0,,2024
Mauricio Benítez,ARG,MF,19.0,5.9,199.0,4.0,44.0,141.0,15.0,1.0,199.0,6.0,3.0,50.0,3.0,50.0,102.0,361.0,184.0,2.0,2.0,0.0,8.0,1.0,126.0,4.0,,2024
Nicolás Valentini,ARG,DF,22.0,5.8,188.0,29.0,101.0,74.0,14.0,5.0,188.0,0.0,0.0,,0.0,,83.0,496.0,281.0,3.0,0.0,0.0,1.0,0.0,103.0,2.0,,2024
Jorman Campuzano,COL,DF,27.0,5.8,356.0,17.0,97.0,241.0,20.0,2.0,356.0,9.0,5.0,55.6,4.0,44.4,178.0,935.0,473.0,6.0,0.0,0.0,8.0,4.0,196.0,3.0,,2024
Juan Barinaga,ARG,DF,23.0,5.3,387.0,19.0,113.0,187.0,89.0,1.0,387.0,19.0,6.0,31.6,12.0,63.2,156.0,699.0,329.0,8.0,5.0,1.0,17.0,12.0,217.0,23.0,,2024
Lucas Blondel,SUI,"DF,MF",27.0,4.7,297.0,14.0,78.0,151.0,73.0,8.0,297.0,11.0,5.0,45.5,3.0,27.3,138.0,597.0,302.0,8.0,3.0,0.0,7.0,2.0,159.0,21.0,,2024
Agustín Martegani,ARG,MF,23.0,4.3,197.0,3.0,31.0,118.0,52.0,4.0,197.0,13.0,3.0,23.1,10.0,76.9,97.0,487.0,278.0,8.0,4.0,1.0,13.0,7.0,126.0,20.0,,2024
Darío Benedetto,ARG,FW,33.0,3.7,72.0,1.0,1.0,27.0,44.0,18.0,72.0,4.0,3.0,75.0,0.0,0.0,44.0,264.0,86.0,6.0,1.0,4.0,14.0,2.0,56.0,24.0,,2024
Ezequiel Bullaude,ARG,"FW,MF",23.0,2.7,123.0,1.0,13.0,72.0,45.0,3.0,123.0,13.0,7.0,53.8,6.0,46.2,75.0,502.0,217.0,6.0,8.0,0.0,7.0,7.0,83.0,13.0,,2024
Mateo Mendía,ARG,DF,19.0,2.3,112.0,8.0,45.0,64.0,4.0,2.0,112.0,1.0,1.0,100.0,0.0,0.0,65.0,355.0,234.0,1.0,0.0,0.0,0.0,0.0,73.0,1.0,,2024
Julián Ceballos,ARG,MF,19.0,2.0,32.0,2.0,5.0,15.0,12.0,0.0,32.0,0.0,0.0,,0.0,,16.0,42.0,24.0,0.0,1.0,0.0,1.0,0.0,20.0,1.0,,2024
Norberto Briasco,ARM,"MF,FW",27.0,1.9,27.0,0.0,4.0,12.0,12.0,2.0,27.0,2.0,0.0,0.0,1.0,50.0,18.0,127.0,35.0,2.0,0.0,2.0,1.0,4.0,19.0,6.0,,2024
Juan Ramírez,ARG,MF,30.0,1.7,27.0,0.0,4.0,20.0,4.0,0.0,27.0,1.0,0.0,0.0,1.0,100.0,11.0,61.0,32.0,0.0,0.0,0.0,0.0,3.0,19.0,3.0,,2024
Vicente Taborda,ARG,MF,22.0,1.6,71.0,1.0,8.0,42.0,23.0,5.0,71.0,3.0,1.0,33.3,2.0,66.7,47.0,192.0,73.0,1.0,1.0,3.0,4.0,2.0,50.0,9.0,,2024
Javier Hernán García,ARG,GK,37.0,0.8,16.0,13.0,16.0,0.0,0.0,0.0,16.0,0.0,0.0,,0.0,,6.0,51.0,48.0,0.0,0.0,0.0,0.0,0.0,4.0,0.0,,2024
Iker Zufiaurre,ARG,MF,18.0,0.7,1.0,0.0,0.0,0.0,1.0,0.0,1.0,0.0,0.0,,0.0,,1.0,4.0,0.0,0.0,0.0,0.0,0.0,0.0,1.0,1.0,,2024
Dylan Gorosito,ARG,DF,17.0,0.5,19.0,2.0,7.0,10.0,2.0,0.0,19.0,2.0,2.0,100.0,0.0,0.0,6.0,48.0,21.0,0.0,1.0,0.0,1.0,0.0,6.0,1.0,,2024
Joaquín Ruíz,ARG,FW,17.0,0.2,10.0,0.0,1.0,6.0,3.0,0.0,10.0,1.0,0.0,0.0,0.0,0.0,7.0,13.0,3.0,0.0,0.0,0.0,2.0,2.0,8.0,2.0,,2024
Walter Molas,ARG,DF,19.0,0.1,1.0,1.0,1.0,0.0,0.0,0.0,1.0,0.0,0.0,,0.0,,1.0,1.0,1.0,0.0,0.0,0.0,0.0,0.0,1.0,0.0,,2024
Santiago Dalmasso,ARG,MF,19.0,0.1,8.0,0.0,2.0,6.0,0.0,0.0,8.0,1.0,0.0,0.0,1.0,100.0,6.0,49.0,17.0,0.0,0.0,0.0,0.0,0.0,6.0,0.0,,2024
Agustín Marchesín,ARG,GK,37-249,32.0,857.0,730.0,852.0,5.0,0.0,0.0,857.0,2.0,2.0,100.0,0.0,0.0,390.0,2074.0,1284.0,0.0,0.0,0.0,0.0,0.0,322.0,0.0,,2025
Lautaro Blanco,ARG,DF,26-274,29.8,1784.0,62.0,490.0,787.0,514.0,26.0,1784.0,47.0,23.0,48.9,24.0,51.1,850.0,4212.0,2175.0,67.0,46.0,7.0,36.0,10.0,1097.0,173.0,,2025
Rodrigo Battaglia,ARG,"DF,MF",34-131,24.9,1513.0,126.0,578.0,814.0,130.0,28.0,1513.0,5.0,3.0,60.0,2.0,40.0,722.0,3956.0,2494.0,26.0,24.0,2.0,15.0,9.0,1036.0,13.0,,2025
Miguel Merentiel,URU,FW,29-269,24.1,644.0,6.0,34.0,274.0,349.0,81.0,643.0,44.0,20.0,45.5,24.0,54.5,377.0,2703.0,1344.0,45.0,39.0,22.0,32.0,26.0,484.0,134.0,,2025
Carlos Palacios,CHI,MF,25-123,23.1,1116.0,19.0,145.0,650.0,342.0,25.0,1116.0,35.0,15.0,42.9,15.0,42.9,609.0,3179.0,1645.0,39.0,46.0,1.0,36.0,20.0,832.0,66.0,,2025
Lautaro Di Lollo,ARG,DF,21-255,22.2,1498.0,129.0,760.0,717.0,31.0,16.0,1498.0,6.0,4.0,66.7,2.0,33.3,809.0,3978.0,2379.0,17.0,5.0,0.0,6.0,2.0,1032.0,0.0,,2025
Ayrton Costa,ARG,DF,26-131,19.1,1026.0,122.0,597.0,387.0,46.0,22.0,1026.0,14.0,8.0,57.1,6.0,42.9,480.0,2257.0,1111.0,9.0,5.0,1.0,8.0,11.0,633.0,1.0,,2025
Milton Giménez,ARG,FW,29-100,17.3,459.0,23.0,43.0,197.0,226.0,94.0,459.0,21.0,8.0,38.1,13.0,61.9,209.0,1173.0,500.0,22.0,11.0,12.0,58.0,25.0,302.0,84.0,,2025
Edinson Cavani,URU,FW,38-279,15.5,388.0,18.0,57.0,188.0,146.0,45.0,385.0,10.0,5.0,50.0,5.0,50.0,173.0,648.0,278.0,7.0,3.0,2.0,36.0,3.0,254.0,58.0,,2025
Juan Barinaga,ARG,DF,25-041,14.8,1024.0,38.0,299.0,480.0,255.0,15.0,1024.0,44.0,19.0,43.2,24.0,54.5,508.0,2500.0,1270.0,32.0,27.0,1.0,26.0,12.0,622.0,88.0,,2025
Luis Advíncula,PER,DF,35-263,14.7,692.0,29.0,197.0,329.0,167.0,9.0,692.0,9.0,6.0,66.7,3.0,33.3,321.0,1434.0,731.0,19.0,18.0,3.0,12.0,12.0,417.0,59.0,,2025
Milton Delgado,ARG,MF,20-157,14.6,1004.0,15.0,215.0,711.0,85.0,1.0,1004.0,20.0,13.0,65.0,7.0,35.0,515.0,2191.0,1060.0,14.0,12.0,0.0,29.0,23.0,709.0,9.0,,2025
Alan Velasco,ARG,"MF,FW",23-116,13.8,665.0,4.0,76.0,350.0,247.0,18.0,665.0,41.0,17.0,41.5,24.0,58.5,353.0,1907.0,913.0,22.0,20.0,2.0,54.0,31.0,452.0,76.0,,2025
Tomás Belmonte,ARG,MF,27-177,13.5,620.0,31.0,171.0,373.0,77.0,14.0,620.0,10.0,3.0,30.0,6.0,60.0,237.0,853.0,299.0,1.0,5.0,1.0,17.0,6.0,366.0,14.0,,2025
Leandro Paredes,ARG,MF,31-144,13.2,1374.0,46.0,315.0,778.0,285.0,2.0,1373.0,9.0,7.0,77.8,2.0,22.2,679.0,3539.0,2114.0,29.0,20.0,0.0,13.0,11.0,987.0,23.0,,2025
Kevin Zenon,ARG,"MF,FW",24-113,12.7,602.0,8.0,60.0,265.0,282.0,24.0,602.0,31.0,14.0,45.2,17.0,54.8,357.0,1852.0,860.0,25.0,20.0,6.0,21.0,27.0,441.0,94.0,,2025
Exequiel Zeballos,ARG,"MF,FW",23-210,12.0,475.0,2.0,35.0,167.0,284.0,68.0,474.0,58.0,28.0,48.3,27.0,46.6,302.0,2314.0,1353.0,50.0,25.0,20.0,47.0,19.0,358.0,138.0,,2025
Marcos Rojo,ARG,DF,35-245,9.5,744.0,76.0,345.0,384.0,17.0,10.0,744.0,2.0,2.0,100.0,0.0,0.0,409.0,1644.0,1121.0,5.0,0.0,0.0,7.0,0.0,547.0,0.0,,2025
William Alarcón,CHI,MF,25-000,9.3,479.0,15.0,83.0,295.0,104.0,7.0,479.0,12.0,8.0,66.7,4.0,33.3,254.0,968.0,437.0,7.0,12.0,0.0,6.0,3.0,371.0,30.0,,2025
Brian Aguirre,ARG,"MF,FW",22-172,8.1,315.0,4.0,44.0,122.0,153.0,29.0,315.0,33.0,16.0,48.5,17.0,51.5,190.0,1300.0,593.0,25.0,17.0,12.0,19.0,11.0,212.0,65.0,,2025
Marco Pellegrino,ARG,DF,23-125,7.0,400.0,50.0,222.0,171.0,9.0,6.0,400.0,5.0,4.0,80.0,1.0,20.0,186.0,889.0,558.0,3.0,1.0,0.0,4.0,1.0,262.0,1.0,,2025
Lucas Blondel,SUI,"DF,MF",29-067,6.1,400.0,14.0,98.0,201.0,104.0,10.0,400.0,11.0,5.0,45.5,5.0,45.5,192.0,814.0,478.0,9.0,12.0,1.0,11.0,2.0,253.0,34.0,,2025
Ander Herrera,ESP,MF,36-098,5.1,470.0,12.0,82.0,281.0,107.0,9.0,470.0,3.0,1.0,33.3,1.0,33.3,246.0,748.0,278.0,1.0,7.0,0.0,6.0,3.0,353.0,18.0,,2025
Marcelo Saracchi,URU,"DF,MF",27-211,4.1,243.0,14.0,93.0,90.0,62.0,4.0,243.0,4.0,3.0,75.0,1.0,25.0,93.0,558.0,371.0,12.0,8.0,0.0,3.0,2.0,123.0,26.0,,2025
Malcom Braida,ARG,"FW,MF",28-187,3.6,92.0,2.0,20.0,45.0,28.0,1.0,92.0,3.0,0.0,0.0,3.0,100.0,33.0,103.0,19.0,1.0,0.0,0.0,6.0,4.0,46.0,13.0,,2025
Camilo Rey,ARG,MF,19-255,3.4,208.0,7.0,66.0,119.0,23.0,0.0,208.0,6.0,3.0,50.0,3.0,50.0,101.0,391.0,158.0,2.0,3.0,0.0,3.0,4.0,142.0,3.0,,2025
Leandro Brey,ARG,GK,23-060,3.0,85.0,78.0,85.0,0.0,0.0,0.0,85.0,0.0,0.0,,0.0,,43.0,226.0,139.0,0.0,0.0,0.0,0.0,0.0,37.0,0.0,,2025
Jorge Figal,ARG,DF,31-231,2.8,105.0,12.0,59.0,46.0,1.0,0.0,105.0,1.0,1.0,100.0,0.0,0.0,54.0,230.0,84.0,0.0,0.0,0.0,2.0,0.0,71.0,1.0,,2025
Lucas Janson,ARG,"FW,MF",31-096,1.3,51.0,0.0,3.0,13.0,35.0,9.0,51.0,4.0,3.0,75.0,1.0,25.0,28.0,171.0,60.0,2.0,1.0,0.0,8.0,4.0,36.0,9.0,,2025
Frank Fabra,COL,DF,34-271,1.2,76.0,1.0,22.0,36.0,20.0,5.0,76.0,2.0,1.0,50.0,1.0,50.0,41.0,226.0,149.0,6.0,3.0,1.0,2.0,2.0,44.0,6.0,,2025
Ignacio Miramon,ARG,"MF,FW",22-161,1.1,78.0,2.0,23.0,41.0,15.0,1.0,78.0,2.0,0.0,0.0,2.0,100.0,36.0,150.0,57.0,1.0,0.0,0.0,2.0,1.0,51.0,0.0,,2025
Mateo Mendía,ARG,DF,21-290,1.0,67.0,3.0,29.0,38.0,0.0,0.0,67.0,0.0,0.0,,0.0,,38.0,213.0,153.0,0.0,0.0,0.0,1.0,0.0,48.0,0.0,,2025
Agustín Martegani,ARG,MF,25-184,0.6,30.0,0.0,2.0,19.0,9.0,1.0,30.0,1.0,1.0,100.0,0.0,0.0,15.0,52.0,22.0,1.0,0.0,0.0,4.0,0.0,22.0,2.0,,2025
Joaquín Ruíz,ARG,"MF,FW",19-122,0.3,20.0,0.0,4.0,13.0,3.0,1.0,20.0,3.0,2.0,66.7,1.0,33.3,9.0,42.0,8.0,1.0,0.0,1.0,3.0,0.0,14.0,3.0,,2025
Santiago Dalmasso,ARG,MF,21-155,0.1,7.0,0.0,1.0,5.0,1.0,0.0,7.0,1.0,1.0,100.0,0.0,0.0,3.0,6.0,3.0,0.0,0.0,0.0,0.0,0.0,5.0,0.0,,2025
