player,nation,position,age,nineties,passes_completed,passes_attempted,pass_completion_pct,total_pass_distance,progressive_pass_distance,passes_completed_short,passes_attempted_short,pass_pct_short,passes_completed_medium,passes_attempted_medium,pass_pct_medium,passes_completed_long,passes_attempted_long,pass_pct_long,ast,expected_assisted_goals,expected_assists,assists_minus_xag,key_passes,passes_into_final_third,passes_into_pen_area,crosses_into_pen_area,progressive_passes,fbref_comp_id,season
Cristian Pavón,ARG,FW,20.0,28.6,724.0,1054.0,68.7,9788.0,2580.0,435.0,550.0,79.1,179.0,272.0,65.8,47.0,98.0,48.0,9,0.0,0.0,9.0,46.0,37.0,37.0,18.0,70.0,21.0,2016
Pablo Pérez,ARG,MF,30.0,25.5,1289.0,1631.0,79.0,21532.0,6880.0,631.0,731.0,86.3,468.0,568.0,82.4,129.0,199.0,64.8,3,0.0,0.0,3.0,40.0,135.0,20.0,5.0,178.0,21.0,2016
Gino Peruzzi,ARG,DF,24.0,24.1,1037.0,1305.0,79.5,13691.0,6320.0,673.0,760.0,88.6,305.0,396.0,77.0,27.0,66.0,40.9,3,0.0,0.0,3.0,19.0,54.0,21.0,11.0,84.0,21.0,2016
Santiago Vergini,ARG,DF,27.0,24.7,1047.0,1226.0,85.4,19712.0,6537.0,382.0,413.0,92.5,536.0,582.0,92.1,108.0,192.0,56.3,0,0.0,0.0,0.0,3.0,31.0,2.0,0.0,53.0,21.0,2016
Darío Benedetto,ARG,FW,26.0,20.5,276.0,399.0,69.2,3862.0,729.0,159.0,205.0,77.6,77.0,109.0,70.6,15.0,33.0,45.5,3,0.0,0.0,3.0,20.0,22.0,15.0,2.0,42.0,21.0,2016
Rodrigo Bentancur,URU,MF,19.0,20.4,841.0,1025.0,82.0,13228.0,3760.0,436.0,495.0,88.1,281.0,339.0,82.9,75.0,99.0,75.8,3,0.0,0.0,3.0,23.0,87.0,13.0,1.0,113.0,21.0,2016
Juan Manuel Insaurralde,ARG,DF,31.0,18.5,784.0,933.0,84.0,16513.0,5853.0,242.0,265.0,91.3,387.0,422.0,91.7,139.0,219.0,63.5,0,0.0,0.0,0.0,3.0,22.0,2.0,1.0,52.0,21.0,2016
Frank Fabra,COL,DF,25.0,17.9,621.0,810.0,76.7,9601.0,3638.0,331.0,371.0,89.2,221.0,299.0,73.9,44.0,100.0,44.0,3,0.0,0.0,3.0,19.0,32.0,6.0,5.0,49.0,21.0,2016
Ricardo Centurión,ARG,"FW,MF",23.0,15.0,365.0,498.0,73.3,4670.0,1747.0,220.0,268.0,82.1,90.0,126.0,71.4,15.0,35.0,42.9,1,0.0,0.0,1.0,19.0,44.0,21.0,6.0,64.0,21.0,2016
Agustín Rossi,ARG,GK,20.0,16.0,371.0,528.0,70.3,10797.0,8162.0,41.0,41.0,100.0,212.0,217.0,97.7,117.0,268.0,43.7,0,0.0,0.0,0.0,0.0,9.0,0.0,0.0,0.0,21.0,2016
Fernando Gago,ARG,MF,30.0,15.9,946.0,1187.0,79.7,16840.0,6601.0,431.0,489.0,88.1,382.0,457.0,83.6,105.0,188.0,55.9,2,0.0,0.0,2.0,28.0,114.0,28.0,2.0,148.0,21.0,2016
Fernando Tobio,ARG,DF,26.0,12.6,480.0,589.0,81.5,9095.0,3512.0,193.0,217.0,88.9,208.0,235.0,88.5,69.0,119.0,58.0,0,0.0,0.0,0.0,2.0,12.0,0.0,0.0,21.0,21.0,2016
Jonathan Silva,ARG,DF,22.0,12.1,489.0,684.0,71.5,7804.0,4033.0,256.0,288.0,88.9,179.0,258.0,69.4,36.0,91.0,39.6,3,0.0,0.0,3.0,14.0,31.0,9.0,7.0,48.0,21.0,2016
Guillermo Sara,ARG,GK,28.0,12.0,232.0,344.0,67.4,6544.0,4539.0,24.0,24.0,100.0,150.0,150.0,100.0,57.0,168.0,33.9,0,0.0,0.0,0.0,0.0,7.0,1.0,0.0,0.0,21.0,2016
Wílmar Barrios,COL,MF,22.0,12.0,583.0,688.0,84.7,8617.0,3130.0,314.0,344.0,91.3,215.0,252.0,85.3,24.0,36.0,66.7,3,0.0,0.0,3.0,10.0,36.0,3.0,0.0,63.0,21.0,2016
Carlos Tevez,ARG,"MF,FW",32.0,10.2,388.0,482.0,80.5,6502.0,1537.0,207.0,237.0,87.3,109.0,135.0,80.7,51.0,67.0,76.1,7,0.0,0.0,7.0,31.0,57.0,22.0,3.0,71.0,21.0,2016
Leonardo Jara,ARG,"DF,MF",25.0,7.4,225.0,327.0,68.8,3438.0,1426.0,120.0,147.0,81.6,77.0,110.0,70.0,16.0,47.0,34.0,0,0.0,0.0,0.0,4.0,13.0,4.0,2.0,17.0,21.0,2016
Walter Bou,ARG,FW,22.0,9.5,194.0,263.0,73.8,2456.0,616.0,121.0,150.0,80.7,37.0,55.0,67.3,11.0,15.0,73.3,1,0.0,0.0,1.0,11.0,19.0,6.0,0.0,30.0,21.0,2016
Lisandro Magallán,ARG,DF,22.0,4.7,161.0,187.0,86.1,3153.0,1307.0,59.0,67.0,88.1,72.0,80.0,90.0,24.0,31.0,77.4,0,0.0,0.0,0.0,0.0,4.0,0.0,0.0,7.0,21.0,2016
Fernando Zuqui,ARG,FW,24.0,4.8,180.0,224.0,80.4,2231.0,487.0,123.0,135.0,91.1,35.0,44.0,79.5,9.0,16.0,56.3,0,0.0,0.0,0.0,10.0,12.0,1.0,1.0,15.0,21.0,2016
Sebastián Pérez Cardona,COL,MF,23.0,4.7,290.0,325.0,89.2,5305.0,1358.0,128.0,137.0,93.4,120.0,127.0,94.5,37.0,49.0,75.5,0,0.0,0.0,0.0,2.0,8.0,1.0,1.0,22.0,21.0,2016
Oscar Benítez,ARG,FW,23.0,3.5,54.0,83.0,65.1,555.0,116.0,40.0,46.0,87.0,7.0,17.0,41.2,1.0,5.0,20.0,1,0.0,0.0,1.0,1.0,2.0,0.0,0.0,1.0,21.0,2016
Andrés Cubas,PAR,MF,20.0,2.3,78.0,95.0,82.1,1231.0,421.0,41.0,45.0,91.1,25.0,31.0,80.6,7.0,8.0,87.5,0,0.0,0.0,0.0,1.0,2.0,0.0,0.0,14.0,21.0,2016
Axel Werner,ARG,GK,20.0,2.0,33.0,52.0,63.5,859.0,511.0,4.0,4.0,100.0,20.0,20.0,100.0,9.0,28.0,32.1,0,0.0,0.0,0.0,0.0,0.0,0.0,0.0,0.0,21.0,2016
Nazareno Solís,ARG,FW,22.0,1.2,35.0,50.0,70.0,412.0,146.0,25.0,29.0,86.2,5.0,10.0,50.0,3.0,4.0,75.0,2,0.0,0.0,2.0,5.0,3.0,2.0,1.0,2.0,21.0,2016
Gonzalo Maroni,ARG,"MF,FW",17.0,1.0,14.0,20.0,70.0,168.0,46.0,7.0,11.0,63.6,5.0,6.0,83.3,0.0,1.0,0.0,0,0.0,0.0,0.0,0.0,2.0,0.0,0.0,2.0,21.0,2016
Federico Carrizo,ARG,"FW,MF",25.0,0.8,20.0,28.0,71.4,274.0,75.0,11.0,15.0,73.3,4.0,6.0,66.7,2.0,2.0,100.0,0,0.0,0.0,0.0,2.0,2.0,2.0,1.0,2.0,21.0,2016
Gonzalo Castellani,ARG,FW,28.0,0.7,26.0,32.0,81.3,380.0,95.0,14.0,15.0,93.3,11.0,15.0,73.3,1.0,2.0,50.0,0,0.0,0.0,0.0,0.0,2.0,0.0,0.0,2.0,21.0,2016
Agustín Rossi,ARG,GK,21,26.0,511.0,743.0,68.8,14820.0,11329.0,71.0,74.0,95.9,260.0,261.0,99.6,175.0,401.0,43.6,0,0.1,0.0,-0.1,1.0,5.0,0.0,0.0,1.0,21.0,2017
Cristian Pavón,ARG,FW,21,25.2,739.0,1092.0,67.7,10315.0,2744.0,437.0,565.0,77.3,189.0,289.0,65.4,54.0,121.0,44.6,11,9.4,7.0,1.6,49.0,42.0,48.0,14.0,84.0,21.0,2017
Lisandro Magallán,ARG,DF,23,25.0,1113.0,1341.0,83.0,22176.0,8307.0,331.0,373.0,88.7,628.0,703.0,89.3,131.0,225.0,58.2,1,0.2,0.3,0.8,4.0,29.0,1.0,0.0,61.0,21.0,2017
Wílmar Barrios,COL,MF,23,22.1,988.0,1173.0,84.2,16487.0,5558.0,458.0,529.0,86.6,386.0,444.0,86.9,97.0,126.0,77.0,0,0.3,0.4,-0.3,6.0,66.0,7.0,0.0,100.0,21.0,2017
Frank Fabra,COL,DF,26,21.5,908.0,1129.0,80.4,13758.0,5192.0,495.0,546.0,90.7,299.0,390.0,76.7,64.0,110.0,58.2,3,3.6,2.5,-0.6,21.0,40.0,10.0,5.0,61.0,21.0,2017
Nahitan Nández,URU,MF,21,21.0,737.0,924.0,79.8,10608.0,3556.0,431.0,496.0,86.9,237.0,287.0,82.6,33.0,56.0,58.9,0,1.8,1.9,-1.8,18.0,82.0,9.0,3.0,117.0,21.0,2017
Leonardo Jara,ARG,DF,26,19.1,807.0,1037.0,77.8,12664.0,5294.0,460.0,518.0,88.8,259.0,338.0,76.6,65.0,131.0,49.6,3,2.4,1.1,0.6,15.0,55.0,22.0,7.0,78.0,21.0,2017
Paolo Goltz,ARG,DF,32,17.5,796.0,901.0,88.3,15528.0,5783.0,276.0,298.0,92.6,392.0,426.0,92.0,106.0,149.0,71.1,0,0.2,0.1,-0.2,4.0,22.0,2.0,1.0,39.0,21.0,2017
Edwin Cardona,COL,"FW,MF",24,17.5,597.0,839.0,71.2,10808.0,3172.0,274.0,343.0,79.9,175.0,236.0,74.2,101.0,180.0,56.1,2,2.6,2.1,-0.6,32.0,61.0,27.0,6.0,104.0,21.0,2017
Pablo Pérez,ARG,MF,31,16.1,846.0,1067.0,79.3,14527.0,4510.0,417.0,494.0,84.4,294.0,361.0,81.4,98.0,128.0,76.6,2,2.2,2.0,-0.2,23.0,106.0,17.0,1.0,133.0,21.0,2017
Carlos Tevez,ARG,"MF,FW",33,9.0,287.0,342.0,83.9,4590.0,1071.0,152.0,171.0,88.9,84.0,96.0,87.5,32.0,37.0,86.5,2,2.4,1.8,-0.4,15.0,34.0,13.0,2.0,46.0,21.0,2017
Darío Benedetto,ARG,FW,27,8.3,143.0,186.0,76.9,2214.0,487.0,59.0,83.0,71.1,49.0,60.0,81.7,14.0,18.0,77.8,3,1.4,0.7,1.6,10.0,17.0,6.0,0.0,22.0,21.0,2017
Emanuel Reynoso,ARG,"MF,FW",21,8.0,375.0,482.0,77.8,5587.0,2311.0,204.0,242.0,84.3,105.0,132.0,79.5,36.0,60.0,60.0,3,2.4,2.4,0.6,14.0,57.0,17.0,2.0,80.0,21.0,2017
Santiago Vergini,ARG,DF,28,7.9,294.0,369.0,79.7,6064.0,1550.0,91.0,94.0,96.8,154.0,175.0,88.0,45.0,89.0,50.6,0,0.0,0.0,0.0,1.0,12.0,0.0,0.0,23.0,21.0,2017
Walter Bou,ARG,FW,23,6.4,106.0,143.0,74.1,1380.0,310.0,57.0,72.0,79.2,28.0,36.0,77.8,4.0,4.0,100.0,1,1.1,0.3,-0.1,10.0,8.0,4.0,0.0,12.0,21.0,2017
Fernando Gago,ARG,MF,31,5.8,361.0,452.0,79.9,5932.0,2606.0,184.0,204.0,90.2,121.0,150.0,80.7,39.0,66.0,59.1,0,1.3,1.0,-1.3,11.0,40.0,8.0,0.0,62.0,21.0,2017
Ramón Ábila,ARG,FW,27,6.0,81.0,132.0,61.4,1009.0,168.0,43.0,63.0,68.3,25.0,40.0,62.5,2.0,6.0,33.3,3,1.8,1.2,1.2,8.0,3.0,3.0,0.0,6.0,21.0,2017
Emmanuel Más,ARG,DF,28,5.4,189.0,248.0,76.2,2948.0,1516.0,105.0,121.0,86.8,62.0,80.0,77.5,15.0,33.0,45.5,0,0.2,0.2,-0.2,4.0,11.0,6.0,3.0,25.0,21.0,2017
Julio Buffarini,ARG,"DF,MF",28,5.0,187.0,248.0,75.4,2494.0,1069.0,106.0,123.0,86.2,51.0,71.0,71.8,9.0,24.0,37.5,0,0.1,0.4,-0.1,2.0,13.0,1.0,1.0,20.0,21.0,2017
Gino Peruzzi,ARG,DF,25,3.5,160.0,207.0,77.3,2325.0,1188.0,95.0,112.0,84.8,48.0,63.0,76.2,9.0,13.0,69.2,0,0.1,0.1,-0.1,1.0,9.0,3.0,0.0,15.0,21.0,2017
Cristian Espinoza,ARG,FW,22,3.1,73.0,101.0,72.3,1110.0,270.0,42.0,51.0,82.4,14.0,18.0,77.8,9.0,15.0,60.0,1,1.7,1.1,-0.7,6.0,6.0,3.0,2.0,4.0,21.0,2017
Sebastián Pérez Cardona,COL,MF,24,2.5,89.0,104.0,85.6,1634.0,471.0,35.0,38.0,92.1,39.0,49.0,79.6,12.0,13.0,92.3,0,0.0,0.0,0.0,0.0,6.0,0.0,0.0,6.0,21.0,2017
Oscar Benítez,ARG,FW,24,3.1,70.0,87.0,80.5,769.0,227.0,47.0,54.0,87.0,10.0,13.0,76.9,2.0,2.0,100.0,0,0.0,0.1,0.0,0.0,5.0,0.0,0.0,6.0,21.0,2017
Agustín Heredia,ARG,DF,20,2.0,51.0,69.0,73.9,956.0,407.0,22.0,22.0,100.0,19.0,25.0,76.0,9.0,21.0,42.9,0,0.0,0.0,0.0,0.0,1.0,0.0,0.0,3.0,21.0,2017
Guido Vadalá,ARG,FW,20,2.0,24.0,34.0,70.6,278.0,77.0,14.0,19.0,73.7,6.0,8.0,75.0,0.0,0.0,,0,0.2,0.2,-0.2,3.0,2.0,3.0,0.0,6.0,21.0,2017
Agustín Almendra,ARG,MF,17,1.1,31.0,43.0,72.1,456.0,179.0,15.0,18.0,83.3,12.0,14.0,85.7,2.0,6.0,33.3,0,0.0,0.0,0.0,1.0,3.0,1.0,0.0,7.0,21.0,2017
Julián Chicco,ARG,MF,19,1.0,35.0,44.0,79.5,508.0,251.0,19.0,22.0,86.4,13.0,18.0,72.2,1.0,2.0,50.0,0,0.0,0.1,0.0,1.0,4.0,1.0,0.0,8.0,21.0,2017
Gonzalo Goñi,ARG,DF,18,1.0,11.0,16.0,68.8,243.0,178.0,5.0,6.0,83.3,3.0,4.0,75.0,3.0,6.0,50.0,0,0.0,0.0,0.0,0.0,2.0,0.0,0.0,1.0,21.0,2017
Guillermo Sara,ARG,GK,29,1.0,10.0,31.0,32.3,423.0,409.0,1.0,1.0,100.0,2.0,2.0,100.0,7.0,28.0,25.0,0,0.0,0.0,0.0,0.0,0.0,0.0,0.0,0.0,21.0,2017
Gonzalo Maroni,ARG,MF,18,1.3,43.0,61.0,70.5,867.0,266.0,17.0,24.0,70.8,17.0,23.0,73.9,8.0,8.0,100.0,0,0.1,0.1,-0.1,2.0,7.0,2.0,0.0,14.0,21.0,2017
Agustín Bouzat,ARG,FW,23,0.5,14.0,22.0,63.6,141.0,56.0,4.0,7.0,57.1,5.0,6.0,83.3,0.0,3.0,0.0,1,0.1,0.1,0.9,1.0,1.0,1.0,0.0,2.0,21.0,2017
Gonzalo Lamardo,ARG,MF,20,0.3,9.0,11.0,81.8,124.0,61.0,4.0,5.0,80.0,4.0,5.0,80.0,0.0,0.0,,0,0.0,0.0,0.0,1.0,1.0,0.0,0.0,1.0,21.0,2017
Fernando Evangelista,ARG,FW,25,0.0,1.0,1.0,100.0,8.0,4.0,1.0,1.0,100.0,0.0,0.0,,0.0,0.0,,0,0.0,0.0,0.0,0.0,0.0,0.0,0.0,0.0,21.0,2017
Juan Manuel Insaurralde,ARG,DF,32,0.0,0.0,2.0,0.0,0.0,0.0,0.0,1.0,0.0,0.0,0.0,,0.0,0.0,,0,0.0,0.0,0.0,0.0,0.0,0.0,0.0,0.0,21.0,2017
Esteban Andrada,ARG,GK,27,18.0,390.0,602.0,64.8,12270.0,9849.0,61.0,62.0,98.4,163.0,168.0,97.0,164.0,367.0,44.7,0,0.4,0.0,-0.4,1.0,8.0,0.0,0.0,0.0,21.0,2018
Emmanuel Más,ARG,DF,29,17.5,549.0,738.0,74.4,7616.0,3942.0,316.0,358.0,88.3,194.0,257.0,75.5,16.0,56.0,28.6,1,1.0,0.5,0.0,9.0,31.0,3.0,3.0,50.0,21.0,2018
Julio Buffarini,ARG,DF,29,17.0,625.0,811.0,77.1,8914.0,3473.0,383.0,434.0,88.2,204.0,265.0,77.0,25.0,59.0,42.4,1,2.1,1.2,-1.1,15.0,36.0,22.0,13.0,57.0,21.0,2018
Mauro Zárate,ARG,"FW,MF",31,16.6,437.0,594.0,73.6,6490.0,1948.0,242.0,275.0,88.0,126.0,163.0,77.3,40.0,86.0,46.5,7,3.2,2.9,3.8,37.0,38.0,8.0,1.0,55.0,21.0,2018
Carlos Izquierdoz,ARG,DF,29,16.0,569.0,695.0,81.9,10711.0,3815.0,190.0,208.0,91.3,310.0,343.0,90.4,55.0,116.0,47.4,0,0.0,0.1,0.0,0.0,22.0,0.0,0.0,28.0,21.0,2018
Cristian Pavón,ARG,"FW,MF",22,12.8,343.0,492.0,69.7,4930.0,1510.0,184.0,232.0,79.3,96.0,130.0,73.8,30.0,59.0,50.8,3,3.1,2.8,-0.1,23.0,26.0,19.0,4.0,48.0,21.0,2018
Carlos Tevez,ARG,"MF,FW",34,12.3,417.0,518.0,80.5,6442.0,1755.0,216.0,254.0,85.0,133.0,147.0,90.5,37.0,55.0,67.3,1,2.1,1.3,-1.1,20.0,56.0,12.0,0.0,87.0,21.0,2018
Agustín Almendra,ARG,MF,18,11.9,501.0,627.0,79.9,8316.0,2547.0,230.0,266.0,86.5,190.0,220.0,86.4,52.0,75.0,69.3,1,0.8,0.5,0.2,8.0,46.0,7.0,1.0,68.0,21.0,2018
Iván Marcone,ARG,MF,28,11.0,525.0,579.0,90.7,9559.0,3125.0,227.0,241.0,94.2,223.0,242.0,92.1,61.0,71.0,85.9,0,0.1,0.2,-0.1,4.0,25.0,1.0,0.0,56.0,21.0,2018
Nahitan Nández,URU,MF,22,10.1,349.0,457.0,76.4,5304.0,1833.0,195.0,227.0,85.9,112.0,141.0,79.4,23.0,43.0,53.5,1,1.1,1.0,-0.1,8.0,36.0,7.0,2.0,59.0,21.0,2018
Sebastián Villa,COL,"FW,MF",22,9.9,207.0,316.0,65.5,2744.0,759.0,127.0,155.0,81.9,51.0,79.0,64.6,11.0,32.0,34.4,2,2.8,1.8,-0.8,16.0,13.0,12.0,5.0,25.0,21.0,2018
Darío Benedetto,ARG,FW,28,9.6,150.0,219.0,68.5,2311.0,407.0,68.0,90.0,75.6,41.0,54.0,75.9,19.0,28.0,67.9,1,2.3,1.0,-1.3,9.0,8.0,7.0,0.0,20.0,21.0,2018
Paolo Goltz,ARG,DF,33,9.9,354.0,428.0,82.7,6809.0,2831.0,112.0,125.0,89.6,178.0,200.0,89.0,50.0,81.0,61.7,1,0.1,0.1,0.9,1.0,16.0,2.0,0.0,26.0,21.0,2018
Ramón Ábila,ARG,FW,28,8.9,111.0,169.0,65.7,1465.0,266.0,60.0,85.0,70.6,27.0,42.0,64.3,8.0,10.0,80.0,5,1.0,0.5,4.0,11.0,11.0,1.0,0.0,13.0,21.0,2018
Fernando Gago,ARG,MF,32,8.0,456.0,585.0,77.9,7478.0,3006.0,219.0,249.0,88.0,189.0,225.0,84.0,33.0,73.0,45.2,0,0.5,1.2,-0.5,12.0,58.0,8.0,1.0,68.0,21.0,2018
Lisandro López,ARG,DF,28,8.0,294.0,334.0,88.0,5751.0,1921.0,93.0,97.0,95.9,160.0,172.0,93.0,34.0,54.0,63.0,0,0.2,0.1,-0.2,1.0,10.0,2.0,0.0,21.0,21.0,2018
Jorman Campuzano,COL,MF,22,7.9,306.0,356.0,86.0,5181.0,1192.0,154.0,170.0,90.6,109.0,122.0,89.3,31.0,46.0,67.4,1,0.1,0.1,0.9,2.0,28.0,0.0,0.0,22.0,21.0,2018
Edwin Cardona,COL,"FW,MF",25,7.5,247.0,370.0,66.8,4135.0,1443.0,114.0,144.0,79.2,70.0,110.0,63.6,36.0,74.0,48.6,1,2.2,1.9,-1.2,20.0,27.0,13.0,1.0,41.0,21.0,2018
Lisandro Magallán,ARG,DF,24,7.1,176.0,239.0,73.6,3352.0,1462.0,69.0,77.0,89.6,80.0,100.0,80.0,24.0,53.0,45.3,0,0.1,0.0,-0.1,1.0,7.0,0.0,0.0,10.0,21.0,2018
Emanuel Reynoso,ARG,"MF,FW",22,7.0,320.0,421.0,76.0,4467.0,1728.0,187.0,216.0,86.6,80.0,102.0,78.4,21.0,49.0,42.9,2,2.8,1.5,-0.8,18.0,36.0,13.0,2.0,53.0,21.0,2018
Júnior Alonso,PAR,DF,25,7.0,277.0,374.0,74.1,4801.0,2296.0,122.0,144.0,84.7,114.0,137.0,83.2,32.0,72.0,44.4,0,0.3,0.3,-0.3,2.0,16.0,1.0,1.0,26.0,21.0,2018
Agustín Rossi,ARG,GK,22,6.0,132.0,177.0,74.6,3694.0,2994.0,21.0,22.0,95.5,70.0,70.0,100.0,41.0,85.0,48.2,0,0.0,0.0,0.0,1.0,2.0,0.0,0.0,0.0,21.0,2018
Wílmar Barrios,COL,MF,24,5.7,163.0,232.0,70.3,2636.0,984.0,80.0,104.0,76.9,66.0,84.0,78.6,9.0,20.0,45.0,0,0.0,0.1,0.0,1.0,13.0,0.0,0.0,23.0,21.0,2018
Leonardo Balerdi,ARG,DF,19,5.0,181.0,220.0,82.3,3127.0,1166.0,70.0,80.0,87.5,88.0,93.0,94.6,11.0,30.0,36.7,0,0.0,0.0,0.0,0.0,4.0,0.0,0.0,5.0,21.0,2018
Lucas Olaza,URU,DF,24,3.5,106.0,152.0,69.7,1517.0,876.0,59.0,64.0,92.2,38.0,69.0,55.1,3.0,9.0,33.3,0,0.1,0.0,-0.1,2.0,3.0,0.0,0.0,6.0,21.0,2018
Leonardo Jara,ARG,DF,27,3.4,104.0,153.0,68.0,1789.0,1036.0,51.0,70.0,72.9,39.0,56.0,69.6,10.0,20.0,50.0,0,0.4,0.1,-0.4,4.0,8.0,3.0,2.0,18.0,21.0,2018
Pablo Pérez,ARG,MF,32,3.7,155.0,206.0,75.2,2405.0,1024.0,74.0,91.0,81.3,56.0,72.0,77.8,14.0,18.0,77.8,0,0.8,0.2,-0.8,9.0,16.0,2.0,0.0,25.0,21.0,2018
Cristian Espinoza,ARG,FW,23,3.3,72.0,93.0,77.4,959.0,178.0,44.0,48.0,91.7,18.0,23.0,78.3,5.0,8.0,62.5,1,0.6,0.2,0.4,3.0,3.0,3.0,2.0,5.0,21.0,2018
Gino Peruzzi,ARG,DF,26,3.0,137.0,166.0,82.5,1637.0,767.0,96.0,100.0,96.0,30.0,42.0,71.4,3.0,10.0,30.0,0,0.3,0.4,-0.3,1.0,7.0,2.0,2.0,8.0,21.0,2018
Julián Chicco,ARG,MF,20,2.5,97.0,122.0,79.5,1417.0,523.0,56.0,66.0,84.8,28.0,36.0,77.8,7.0,9.0,77.8,0,0.1,0.0,-0.1,1.0,5.0,0.0,0.0,15.0,21.0,2018
Kevin Mac Allister,ARG,DF,20,1.2,54.0,65.0,83.1,875.0,438.0,27.0,31.0,87.1,22.0,24.0,91.7,3.0,5.0,60.0,0,0.0,0.0,0.0,1.0,0.0,0.0,0.0,6.0,21.0,2018
Marcos Guillermo Díaz,ARG,GK,32,1.0,17.0,22.0,77.3,615.0,526.0,0.0,0.0,,8.0,8.0,100.0,9.0,14.0,64.3,0,0.0,0.0,0.0,0.0,0.0,0.0,0.0,0.0,21.0,2018
Frank Fabra,COL,DF,27,1.0,26.0,35.0,74.3,443.0,174.0,15.0,17.0,88.2,9.0,12.0,75.0,2.0,5.0,40.0,0,0.1,0.0,-0.1,1.0,1.0,1.0,0.0,3.0,21.0,2018
Agustín Obando,ARG,MF,18,0.8,10.0,13.0,76.9,195.0,67.0,6.0,6.0,100.0,2.0,3.0,66.7,2.0,3.0,66.7,0,0.0,0.0,0.0,0.0,1.0,2.0,0.0,3.0,21.0,2018
Nicolás Capaldo,ARG,MF,20,0.1,2.0,2.0,100.0,54.0,40.0,0.0,0.0,,1.0,1.0,100.0,1.0,1.0,100.0,0,0.0,0.0,0.0,0.0,1.0,0.0,0.0,0.0,21.0,2018
Brandon Cortés,CHI,MF,17,0.1,4.0,5.0,80.0,43.0,0.0,4.0,5.0,80.0,0.0,0.0,,0.0,0.0,,0,0.0,0.0,0.0,1.0,0.0,0.0,0.0,0.0,21.0,2018
Mateo Retegui,ITA,FW,19,0.1,0.0,0.0,,0.0,0.0,0.0,0.0,,0.0,0.0,,0.0,0.0,,0,0.0,0.0,0.0,0.0,0.0,0.0,0.0,0.0,21.0,2018
Esteban Andrada,ARG,GK,28.0,20.0,454.0,660.0,68.8,13301.0,10046.0,78.0,78.0,100.0,200.0,201.0,99.5,170.0,374.0,45.5,0,0.0,0.0,0.0,0.0,9.0,0.0,0.0,0.0,21.0,2019
Julio Buffarini,ARG,DF,30.0,19.7,658.0,877.0,75.0,10014.0,4030.0,375.0,429.0,87.4,236.0,328.0,72.0,34.0,80.0,42.5,0,0.9,0.7,-0.9,10.0,54.0,12.0,6.0,78.0,21.0,2019
Frank Fabra,COL,DF,28.0,17.6,634.0,864.0,73.4,10415.0,4484.0,318.0,369.0,86.2,220.0,313.0,70.3,66.0,116.0,56.9,2,1.6,2.0,0.4,12.0,37.0,18.0,8.0,50.0,21.0,2019
Carlos Izquierdoz,ARG,DF,30.0,16.1,625.0,760.0,82.2,12403.0,4852.0,198.0,226.0,87.6,337.0,382.0,88.2,80.0,127.0,63.0,0,0.2,0.1,-0.2,4.0,15.0,0.0,0.0,34.0,21.0,2019
Sebastián Villa,COL,"MF,FW",23.0,12.8,248.0,392.0,63.3,3933.0,900.0,133.0,164.0,81.1,69.0,115.0,60.0,26.0,56.0,46.4,3,3.8,2.5,-0.8,19.0,19.0,15.0,5.0,32.0,21.0,2019
Lisandro López,ARG,DF,29.0,12.3,413.0,530.0,77.9,8326.0,3607.0,129.0,159.0,81.1,218.0,258.0,84.5,58.0,99.0,58.6,1,0.7,0.1,0.3,5.0,18.0,3.0,0.0,48.0,21.0,2019
Iván Marcone,ARG,MF,29.0,12.5,455.0,544.0,83.6,7994.0,2662.0,214.0,245.0,87.3,176.0,203.0,86.7,51.0,67.0,76.1,0,0.3,0.1,-0.3,5.0,31.0,1.0,0.0,40.0,21.0,2019
Eduardo Salvio,ARG,"MF,FW",29.0,12.4,341.0,453.0,75.3,4168.0,1155.0,220.0,272.0,80.9,82.0,107.0,76.6,13.0,19.0,68.4,3,2.1,1.9,0.9,9.0,18.0,13.0,2.0,40.0,21.0,2019
Franco Soldano,ARG,FW,24.0,11.3,122.0,215.0,56.7,1548.0,614.0,65.0,106.0,61.3,37.0,67.0,55.2,3.0,8.0,37.5,2,1.1,0.5,0.9,8.0,19.0,6.0,0.0,29.0,21.0,2019
Júnior Alonso,PAR,DF,26.0,12.8,550.0,693.0,79.4,11020.0,4776.0,170.0,190.0,89.5,292.0,344.0,84.9,73.0,132.0,55.3,1,0.9,1.0,0.1,6.0,35.0,6.0,0.0,49.0,21.0,2019
Carlos Tevez,ARG,"FW,MF",35.0,11.7,476.0,589.0,80.8,7864.0,2148.0,230.0,261.0,88.1,172.0,198.0,86.9,51.0,72.0,70.8,2,2.4,2.1,-0.4,28.0,45.0,23.0,2.0,84.0,21.0,2019
Jorman Campuzano,COL,MF,23.0,10.5,495.0,584.0,84.8,8740.0,2211.0,229.0,255.0,89.8,207.0,236.0,87.7,47.0,69.0,68.1,0,0.7,0.5,-0.7,5.0,36.0,6.0,0.0,53.0,21.0,2019
Emanuel Reynoso,ARG,"MF,FW",23.0,10.0,384.0,537.0,71.5,6137.0,2708.0,197.0,234.0,84.2,120.0,156.0,76.9,41.0,83.0,49.4,3,4.3,2.4,-1.3,31.0,62.0,25.0,5.0,86.0,21.0,2019
Nicolás Capaldo,ARG,MF,21.0,9.7,198.0,275.0,72.0,2873.0,967.0,107.0,137.0,78.1,66.0,85.0,77.6,10.0,23.0,43.5,1,1.6,0.7,-0.6,10.0,19.0,2.0,0.0,24.0,21.0,2019
Alexis Mac Allister,ARG,MF,20.0,7.9,230.0,328.0,70.1,4039.0,1337.0,110.0,134.0,82.1,79.0,102.0,77.5,27.0,59.0,45.8,1,1.2,0.9,-0.2,15.0,27.0,9.0,2.0,33.0,21.0,2019
Guillermo Matías Fernández,ARG,MF,27.0,6.5,306.0,374.0,81.8,5705.0,1369.0,130.0,147.0,88.4,127.0,143.0,88.8,43.0,64.0,67.2,1,0.3,0.4,0.7,5.0,37.0,4.0,0.0,37.0,21.0,2019
Agustín Obando,ARG,"MF,FW",19.0,5.9,104.0,171.0,60.8,1518.0,514.0,62.0,91.0,68.1,32.0,46.0,69.6,5.0,14.0,35.7,0,0.8,0.3,-0.8,10.0,8.0,7.0,5.0,10.0,21.0,2019
Jan Carlos Hurtado,VEN,FW,19.0,7.1,78.0,109.0,71.6,767.0,149.0,44.0,53.0,83.0,12.0,20.0,60.0,1.0,5.0,20.0,1,1.0,0.1,0.0,3.0,3.0,2.0,0.0,6.0,21.0,2019
Agustín Almendra,ARG,MF,19.0,4.8,159.0,200.0,79.5,2750.0,813.0,73.0,80.0,91.3,58.0,72.0,80.6,19.0,29.0,65.5,0,0.1,0.2,-0.1,3.0,17.0,3.0,2.0,21.0,21.0,2019
Mauro Zárate,ARG,"FW,MF",32.0,5.4,127.0,181.0,70.2,1907.0,441.0,62.0,77.0,80.5,36.0,54.0,66.7,13.0,21.0,61.9,2,0.6,0.6,1.4,10.0,9.0,6.0,4.0,10.0,21.0,2019
Ramón Ábila,ARG,FW,29.0,5.2,59.0,92.0,64.1,779.0,158.0,34.0,52.0,65.4,16.0,25.0,64.0,2.0,4.0,50.0,1,1.3,0.8,-0.3,8.0,3.0,1.0,1.0,5.0,21.0,2019
Emmanuel Más,ARG,DF,30.0,4.9,117.0,175.0,66.9,1621.0,758.0,73.0,84.0,86.9,34.0,58.0,58.6,5.0,18.0,27.8,0,0.0,0.1,0.0,0.0,2.0,0.0,0.0,4.0,21.0,2019
Paolo Goltz,ARG,DF,34.0,4.0,178.0,228.0,78.1,3459.0,1378.0,66.0,75.0,88.0,87.0,102.0,85.3,21.0,37.0,56.8,0,0.0,0.0,0.0,0.0,9.0,0.0,0.0,16.0,21.0,2019
Daniele De Rossi,ITA,MF,36.0,3.8,144.0,170.0,84.7,2741.0,1095.0,64.0,71.0,90.1,57.0,66.0,86.4,21.0,30.0,70.0,0,0.1,0.4,-0.1,2.0,15.0,2.0,0.0,20.0,21.0,2019
Marcos Guillermo Díaz,ARG,GK,33.0,3.0,56.0,98.0,57.1,1770.0,1497.0,13.0,13.0,100.0,19.0,19.0,100.0,24.0,65.0,36.9,0,0.0,0.0,0.0,0.0,0.0,0.0,0.0,0.0,21.0,2019
Marcelo Weigandt,ARG,DF,19.0,3.0,72.0,119.0,60.5,927.0,469.0,43.0,52.0,82.7,26.0,44.0,59.1,0.0,9.0,0.0,0,0.1,0.1,-0.1,2.0,2.0,1.0,0.0,8.0,21.0,2019
Carlos Zambrano,PER,DF,30.0,0.7,39.0,46.0,84.8,790.0,210.0,8.0,8.0,100.0,26.0,29.0,89.7,5.0,7.0,71.4,0,0.0,0.0,0.0,1.0,1.0,1.0,0.0,3.0,21.0,2019
Gastón Ávila,ARG,DF,17.0,0.1,0.0,2.0,0.0,0.0,0.0,0.0,0.0,,0.0,0.0,,0.0,2.0,0.0,0,0.0,0.0,0.0,0.0,0.0,0.0,0.0,0.0,21.0,2019
Carlos Izquierdoz,ARG,DF,31,19.7,546.0,654.0,83.5,10992.0,4368.0,140.0,170.0,82.4,332.0,368.0,90.2,65.0,99.0,65.7,0,0.1,0.1,-0.1,1.0,12.0,1.0,0.0,26.0,,2020
Esteban Andrada,ARG,GK,29,18.7,307.0,420.0,73.1,8740.0,6944.0,58.0,58.0,100.0,134.0,137.0,97.8,115.0,223.0,51.6,0,0.0,0.0,0.0,0.0,3.0,0.0,0.0,1.0,,2020
Nicolás Capaldo,ARG,MF,22,17.3,246.0,305.0,80.7,3868.0,1258.0,142.0,165.0,86.1,89.0,111.0,80.2,11.0,18.0,61.1,1,0.1,0.2,0.9,2.0,25.0,1.0,0.0,34.0,,2020
Sebastián Villa,COL,"MF,FW",23,15.1,142.0,230.0,61.7,2242.0,681.0,68.0,93.0,73.1,61.0,82.0,74.4,9.0,29.0,31.0,4,1.7,1.1,2.3,14.0,11.0,15.0,6.0,24.0,,2020
Jorman Campuzano,COL,MF,23,14.8,395.0,463.0,85.3,7072.0,1777.0,157.0,183.0,85.8,194.0,214.0,90.7,34.0,42.0,81.0,0,0.2,0.1,-0.2,3.0,30.0,1.0,0.0,46.0,,2020
Julio Buffarini,ARG,DF,31,14.4,213.0,259.0,82.2,3166.0,871.0,121.0,130.0,93.1,73.0,95.0,76.8,12.0,21.0,57.1,0,0.1,0.2,-0.1,2.0,10.0,3.0,3.0,6.0,,2020
Carlos Tevez,ARG,FW,35,14.3,312.0,405.0,77.0,5181.0,1527.0,162.0,187.0,86.6,108.0,126.0,85.7,33.0,52.0,63.5,1,2.6,2.0,-1.6,29.0,46.0,18.0,2.0,73.0,,2020
Leonardo Jara,ARG,DF,28,14.1,330.0,421.0,78.4,5493.0,1892.0,151.0,170.0,88.8,143.0,183.0,78.1,27.0,46.0,58.7,0,0.4,0.2,-0.4,6.0,16.0,6.0,2.0,20.0,,2020
Eduardo Salvio,ARG,MF,29,13.7,211.0,299.0,70.6,2786.0,570.0,137.0,174.0,78.7,59.0,80.0,73.8,6.0,16.0,37.5,1,1.0,0.6,0.0,11.0,14.0,11.0,2.0,23.0,,2020
Carlos Zambrano,PER,DF,30,13.1,113.0,126.0,89.7,2357.0,657.0,31.0,33.0,93.9,63.0,64.0,98.4,19.0,29.0,65.5,0,0.0,0.0,0.0,0.0,5.0,0.0,0.0,12.0,,2020
Frank Fabra,COL,DF,28,12.7,343.0,451.0,76.1,5951.0,2269.0,155.0,171.0,90.6,143.0,177.0,80.8,38.0,72.0,52.8,2,1.9,1.1,0.1,14.0,22.0,7.0,3.0,38.0,,2020
Edwin Cardona,COL,"MF,FW",27,12.6,211.0,286.0,73.8,4302.0,1707.0,75.0,91.0,82.4,98.0,115.0,85.2,34.0,65.0,52.3,6,1.1,0.8,4.9,15.0,44.0,11.0,2.0,54.0,,2020
Emmanuel Más,ARG,"DF,MF",31,11.6,139.0,188.0,73.9,2146.0,1002.0,66.0,76.0,86.8,63.0,76.0,82.9,5.0,23.0,21.7,1,0.1,0.1,0.9,2.0,12.0,1.0,1.0,14.0,,2020
Lisandro López,ARG,DF,30,11.3,411.0,513.0,80.1,8546.0,3680.0,112.0,128.0,87.5,248.0,283.0,87.6,50.0,92.0,54.3,0,0.7,0.2,-0.7,3.0,36.0,1.0,0.0,47.0,,2020
Franco Soldano,ARG,FW,25,10.1,81.0,140.0,57.9,1022.0,398.0,49.0,76.0,64.5,23.0,36.0,63.9,1.0,5.0,20.0,0,0.1,0.1,-0.1,4.0,5.0,2.0,0.0,14.0,,2020
Ramón Ábila,ARG,FW,30,9.2,23.0,37.0,62.2,263.0,63.0,16.0,20.0,80.0,6.0,14.0,42.9,0.0,0.0,,1,0.1,0.2,0.9,1.0,0.0,1.0,0.0,1.0,,2020
Mauro Zárate,ARG,"FW,MF",32,7.8,14.0,17.0,82.4,218.0,63.0,9.0,10.0,90.0,4.0,5.0,80.0,1.0,2.0,50.0,0,0.1,0.0,-0.1,2.0,1.0,1.0,0.0,3.0,,2020
Agustín Rossi,ARG,GK,24,6.0,,,,,,,,,,,,,,,0,,,,,,,,,,2020
Guillermo Matías Fernández,ARG,MF,28,5.4,327.0,369.0,88.6,6036.0,1970.0,143.0,150.0,95.3,139.0,152.0,91.4,39.0,51.0,76.5,0,0.2,0.4,-0.2,5.0,39.0,6.0,2.0,51.0,,2020
Agustín Obando,ARG,"MF,FW",19,5.2,70.0,101.0,69.3,1087.0,306.0,40.0,45.0,88.9,23.0,34.0,67.6,6.0,11.0,54.5,0,0.3,0.6,-0.3,3.0,4.0,4.0,1.0,11.0,,2020
Diego González,ARG,MF,31,4.7,72.0,94.0,76.6,1297.0,316.0,31.0,33.0,93.9,32.0,42.0,76.2,8.0,9.0,88.9,1,0.0,0.0,1.0,0.0,11.0,2.0,0.0,9.0,,2020
Gastón Ávila,ARG,DF,18,4.0,,,,,,,,,,,,,,,0,,,,,,,,,,2020
Gonzalo Maroni,ARG,"MF,FW",20,3.5,24.0,42.0,57.1,422.0,139.0,10.0,16.0,62.5,10.0,13.0,76.9,3.0,7.0,42.9,0,0.3,0.1,-0.3,5.0,2.0,1.0,0.0,3.0,,2020
Alan Varela,ARG,MF,18,3.2,,,,,,,,,,,,,,,1,,,,,,,,,,2020
Exequiel Zeballos,ARG,"FW,MF",17,2.7,,,,,,,,,,,,,,,0,,,,,,,,,,2020
Júnior Alonso,PAR,DF,26,1.3,77.0,82.0,93.9,1388.0,514.0,32.0,32.0,100.0,35.0,39.0,89.7,8.0,8.0,100.0,0,0.1,0.0,-0.1,1.0,3.0,0.0,0.0,5.0,,2020
Emanuel Reynoso,ARG,"MF,FW",24,1.2,98.0,118.0,83.1,1767.0,560.0,44.0,48.0,91.7,33.0,41.0,80.5,18.0,23.0,78.3,0,0.9,0.6,-0.9,7.0,12.0,7.0,0.0,24.0,,2020
Iván Marcone,ARG,MF,29,1.1,53.0,70.0,75.7,1060.0,236.0,19.0,27.0,70.4,25.0,28.0,89.3,9.0,13.0,69.2,0,0.1,0.0,-0.1,2.0,5.0,1.0,0.0,3.0,,2020
Walter Bou,ARG,FW,26,1.0,15.0,22.0,68.2,209.0,46.0,11.0,13.0,84.6,2.0,6.0,33.3,1.0,1.0,100.0,0,0.2,0.1,-0.2,3.0,0.0,1.0,0.0,4.0,,2020
Luis Vázquez,ARG,FW,19,0.0,,,,,,,,,,,,,,,0,,,,,,,,,,2020
Carlos Izquierdoz,ARG,DF,32,40.3,2007.0,2365.0,84.9,40602.0,15191.0,599.0,660.0,90.8,1096.0,1229.0,89.2,282.0,415.0,68.0,1,0.6,0.5,0.4,6.0,84.0,3.0,0.0,107.0,,2021
Agustín Rossi,ARG,GK,25,33.0,729.0,1036.0,70.4,20821.0,15673.0,146.0,146.0,100.0,322.0,328.0,98.2,257.0,553.0,46.5,0,0.0,0.0,0.0,1.0,6.0,0.0,0.0,0.0,,2021
Frank Fabra,COL,DF,29,32.4,1438.0,1890.0,76.1,24473.0,7557.0,669.0,759.0,88.1,590.0,768.0,76.8,142.0,248.0,57.3,5,4.7,4.2,0.3,40.0,83.0,34.0,21.0,130.0,,2021
Sebastián Villa,COL,"FW,MF",24,24.9,512.0,772.0,66.3,8341.0,1747.0,274.0,337.0,81.3,167.0,249.0,67.1,50.0,112.0,44.6,1,2.0,3.0,-1.0,25.0,37.0,39.0,14.0,72.0,,2021
Jorman Campuzano,COL,MF,24,23.4,1117.0,1265.0,88.3,20327.0,4673.0,476.0,519.0,91.7,494.0,546.0,90.5,125.0,153.0,81.7,2,0.4,0.3,1.6,6.0,72.0,3.0,0.0,81.0,,2021
Cristian Medina,ARG,MF,18,23.0,833.0,972.0,85.7,13676.0,2914.0,388.0,437.0,88.8,350.0,385.0,90.9,65.0,81.0,80.2,1,1.6,1.0,-0.6,19.0,95.0,6.0,2.0,100.0,,2021
Cristian Pavón,ARG,"FW,MF",25,22.2,612.0,885.0,69.2,10714.0,2512.0,301.0,377.0,79.8,199.0,280.0,71.1,83.0,149.0,55.7,5,4.1,3.9,0.9,45.0,40.0,29.0,7.0,87.0,,2021
Lisandro López,ARG,DF,31,22.2,1167.0,1352.0,86.3,25292.0,9486.0,271.0,301.0,90.0,716.0,776.0,92.3,172.0,255.0,67.5,1,0.7,0.4,0.3,6.0,61.0,1.0,0.0,82.0,,2021
Marcos Rojo,ARG,DF,30,21.9,1168.0,1433.0,81.5,25024.0,11067.0,353.0,397.0,88.9,604.0,673.0,89.7,200.0,333.0,60.1,0,0.1,0.4,-0.1,6.0,119.0,4.0,1.0,99.0,,2021
Agustín Almendra,ARG,MF,20,19.5,975.0,1207.0,80.8,18275.0,5584.0,428.0,495.0,86.5,379.0,442.0,85.7,144.0,203.0,70.9,2,4.3,2.3,-2.3,36.0,176.0,23.0,3.0,148.0,,2021
Alan Varela,ARG,MF,19,16.2,907.0,1026.0,88.4,16446.0,4206.0,391.0,417.0,93.8,401.0,449.0,89.3,99.0,119.0,83.2,0,1.2,0.8,-1.2,9.0,79.0,6.0,1.0,87.0,,2021
Luis Vázquez,ARG,FW,20,16.0,205.0,305.0,67.2,2563.0,455.0,145.0,186.0,78.0,38.0,67.0,56.7,9.0,13.0,69.2,2,1.2,0.7,0.8,13.0,12.0,2.0,0.0,16.0,,2021
Carlos Tevez,ARG,FW,36,15.4,464.0,561.0,82.7,7645.0,1561.0,224.0,263.0,85.2,186.0,209.0,89.0,40.0,50.0,80.0,4,3.5,1.6,0.5,22.0,57.0,18.0,1.0,83.0,,2021
Carlos Zambrano,PER,DF,31,14.8,798.0,896.0,89.1,15748.0,5774.0,271.0,286.0,94.8,417.0,450.0,92.7,100.0,140.0,71.4,0,0.1,0.4,-0.1,1.0,42.0,2.0,0.0,57.0,,2021
Nicolás Capaldo,ARG,"DF,MF",23,14.6,578.0,732.0,79.0,9527.0,2855.0,280.0,330.0,84.8,252.0,299.0,84.3,36.0,71.0,50.7,1,0.8,0.5,0.2,5.0,49.0,2.0,1.0,56.0,,2021
Edwin Cardona,COL,MF,28,14.0,676.0,940.0,71.9,14025.0,4767.0,260.0,303.0,85.8,264.0,350.0,75.4,142.0,234.0,60.7,8,5.8,5.2,2.2,47.0,116.0,39.0,3.0,156.0,,2021
Juan Ramírez,ARG,MF,27,12.5,565.0,657.0,86.0,8396.0,2282.0,294.0,319.0,92.2,193.0,211.0,91.5,41.0,59.0,69.5,2,1.7,1.3,0.3,17.0,85.0,14.0,3.0,97.0,,2021
Luis Advíncula,PER,DF,30,11.6,483.0,623.0,77.5,7909.0,2864.0,252.0,280.0,90.0,176.0,223.0,78.9,42.0,80.0,52.5,1,0.9,0.6,0.1,5.0,35.0,5.0,2.0,47.0,,2021
Norberto Briasco,ARM,FW,24,11.0,215.0,307.0,70.0,2597.0,336.0,141.0,170.0,82.9,44.0,61.0,72.1,6.0,17.0,35.3,0,0.8,0.8,-0.8,12.0,4.0,4.0,3.0,9.0,,2021
Esteban Andrada,ARG,GK,30,11.0,321.0,407.0,78.9,8513.0,6455.0,59.0,59.0,100.0,164.0,167.0,98.2,98.0,176.0,55.7,0,0.1,0.0,-0.1,1.0,2.0,0.0,0.0,0.0,,2021
Aaron Nicolás Molinas,ARG,FW,20,10.6,574.0,701.0,81.9,9417.0,2628.0,330.0,353.0,93.5,153.0,184.0,83.2,69.0,113.0,61.1,2,2.3,2.0,-0.3,25.0,73.0,19.0,5.0,87.0,,2021
Agustín Sández,PAR,DF,20,10.4,455.0,567.0,80.2,6696.0,2547.0,257.0,278.0,92.4,160.0,199.0,80.4,19.0,47.0,40.4,1,1.2,1.3,-0.2,15.0,24.0,14.0,11.0,37.0,,2021
Marcelo Weigandt,ARG,DF,21,10.4,403.0,521.0,77.4,6032.0,2503.0,233.0,264.0,88.3,115.0,162.0,71.0,37.0,52.0,71.2,0,0.5,0.8,-0.5,7.0,29.0,7.0,3.0,33.0,,2021
Esteban Rolón,ARG,MF,25,10.0,397.0,478.0,83.1,6175.0,1815.0,192.0,215.0,89.3,155.0,182.0,85.2,25.0,40.0,62.5,0,0.0,0.2,0.0,1.0,30.0,1.0,0.0,41.0,,2021
Rodrigo Montes,ARG,"MF,FW",21,8.6,330.0,403.0,81.9,5042.0,1293.0,185.0,219.0,84.5,108.0,121.0,89.3,24.0,34.0,70.6,0,0.8,0.6,-0.8,8.0,33.0,7.0,2.0,38.0,,2021
Julio Buffarini,ARG,DF,32,8.6,382.0,471.0,81.1,6414.0,1947.0,189.0,203.0,93.1,162.0,198.0,81.8,26.0,53.0,49.1,0,0.1,0.1,-0.1,1.0,26.0,2.0,1.0,32.0,,2021
Diego González,ARG,MF,32,7.9,322.0,412.0,78.2,5412.0,1447.0,157.0,182.0,86.3,128.0,155.0,82.6,28.0,42.0,66.7,1,0.3,0.4,0.7,6.0,27.0,3.0,0.0,37.0,,2021
Franco Soldano,ARG,FW,26,6.5,74.0,132.0,56.1,874.0,163.0,52.0,82.0,63.4,17.0,35.0,48.6,0.0,2.0,0.0,0,0.3,0.2,-0.3,1.0,9.0,1.0,0.0,7.0,,2021
Agustín Obando,ARG,"FW,MF",20,5.9,125.0,179.0,69.8,1875.0,325.0,69.0,84.0,82.1,40.0,51.0,78.4,9.0,21.0,42.9,0,0.8,0.3,-0.8,6.0,8.0,5.0,4.0,12.0,,2021
Gonzalo Maroni,ARG,"FW,MF",21,5.7,177.0,218.0,81.2,3226.0,932.0,81.0,94.0,86.2,68.0,79.0,86.1,24.0,38.0,63.2,0,1.0,0.6,-1.0,10.0,28.0,7.0,1.0,35.0,,2021
Eros Mancuso,ARG,DF,21,4.7,197.0,252.0,78.2,3013.0,993.0,101.0,112.0,90.2,76.0,93.0,81.7,10.0,24.0,41.7,1,0.7,0.4,0.3,4.0,8.0,3.0,0.0,16.0,,2021
Nicolás Orsini,ARG,FW,26,4.5,50.0,76.0,65.8,643.0,113.0,29.0,45.0,64.4,15.0,19.0,78.9,1.0,2.0,50.0,0,0.2,0.2,-0.2,3.0,6.0,0.0,0.0,6.0,,2021
Mauro Zárate,ARG,"FW,MF",33,4.4,108.0,140.0,77.1,1718.0,444.0,53.0,59.0,89.8,42.0,48.0,87.5,8.0,22.0,36.4,1,0.7,0.4,0.3,8.0,6.0,0.0,0.0,11.0,,2021
Eduardo Salvio,ARG,"FW,MF",30,4.4,124.0,148.0,83.8,1630.0,274.0,87.0,98.0,88.8,31.0,37.0,83.8,4.0,4.0,100.0,1,0.2,0.2,0.8,2.0,10.0,1.0,0.0,12.0,,2021
Exequiel Zeballos,ARG,MF,18,3.9,95.0,135.0,70.4,1399.0,296.0,63.0,74.0,85.1,24.0,36.0,66.7,7.0,17.0,41.2,1,0.7,1.2,0.3,5.0,4.0,4.0,2.0,10.0,,2021
Emmanuel Más,ARG,DF,32,3.8,191.0,237.0,80.6,3060.0,1198.0,81.0,92.0,88.0,98.0,110.0,89.1,7.0,21.0,33.3,0,0.0,0.1,0.0,1.0,21.0,1.0,1.0,20.0,,2021
Leonardo Jara,ARG,MF,29,3.5,140.0,171.0,81.9,2420.0,472.0,64.0,74.0,86.5,58.0,68.0,85.3,15.0,21.0,71.4,0,0.1,0.1,-0.1,2.0,5.0,1.0,0.0,13.0,,2021
Javier Hernán García,ARG,GK,34,3.0,87.0,112.0,77.7,2428.0,1783.0,17.0,17.0,100.0,41.0,41.0,100.0,29.0,53.0,54.7,0,0.1,0.0,-0.1,1.0,2.0,0.0,0.0,0.0,,2021
Ezequiél Fernández,ARG,MF,18,2.5,161.0,187.0,86.1,2640.0,595.0,73.0,84.0,86.9,74.0,81.0,91.4,9.0,14.0,64.3,0,0.0,0.0,0.0,0.0,7.0,1.0,0.0,11.0,,2021
Valentín Barco,ARG,DF,16,2.3,92.0,129.0,71.3,1739.0,874.0,41.0,46.0,89.1,34.0,43.0,79.1,14.0,30.0,46.7,0,0.2,0.4,-0.2,2.0,10.0,4.0,1.0,11.0,,2021
Vicente Taborda,ARG,"MF,FW",19,2.1,60.0,83.0,72.3,794.0,196.0,31.0,37.0,83.8,22.0,27.0,81.5,1.0,9.0,11.1,0,0.1,0.1,-0.1,2.0,2.0,3.0,0.0,13.0,,2021
Gabriel Vega,ARG,MF,18,2.1,94.0,107.0,87.9,1494.0,357.0,42.0,45.0,93.3,42.0,43.0,97.7,5.0,9.0,55.6,0,0.1,0.1,-0.1,5.0,13.0,0.0,0.0,13.0,,2021
Gabriel Aranda,ARG,DF,19,2.0,66.0,78.0,84.6,1351.0,470.0,21.0,25.0,84.0,34.0,38.0,89.5,10.0,12.0,83.3,0,0.2,0.1,-0.2,1.0,2.0,0.0,0.0,3.0,,2021
Balthazar Bernardi,ARG,DF,19,2.0,79.0,96.0,82.3,1612.0,654.0,23.0,24.0,95.8,42.0,48.0,87.5,13.0,19.0,68.4,0,0.0,0.0,0.0,0.0,1.0,0.0,0.0,3.0,,2021
Agustín Lastra,ARG,GK,20,2.0,31.0,51.0,60.8,1006.0,795.0,2.0,2.0,100.0,16.0,16.0,100.0,13.0,33.0,39.4,0,0.0,0.0,0.0,0.0,1.0,0.0,0.0,0.0,,2021
Renzo Giampaoli,ARG,DF,21,2.0,116.0,137.0,84.7,2665.0,1028.0,32.0,34.0,94.1,63.0,69.0,91.3,21.0,31.0,67.7,0,0.0,0.0,0.0,0.0,9.0,0.0,0.0,6.0,,2021
Israel Escalante,ARG,FW,22,1.4,11.0,24.0,45.8,151.0,3.0,6.0,11.0,54.5,3.0,6.0,50.0,1.0,4.0,25.0,0,0.0,0.0,0.0,0.0,0.0,0.0,0.0,0.0,,2021
Érik Bodencer,ARG,FW,20,1.2,8.0,12.0,66.7,76.0,4.0,8.0,9.0,88.9,0.0,1.0,0.0,0.0,1.0,0.0,0,0.0,0.0,0.0,0.0,0.0,0.0,0.0,0.0,,2021
Ezequiel Almirón,ARG,FW,18,0.3,3.0,6.0,50.0,19.0,0.0,2.0,4.0,50.0,0.0,0.0,,0.0,0.0,,0,0.0,0.0,0.0,0.0,0.0,0.0,0.0,0.0,,2021
Nicolás Valentini,ARG,DF,19,0.3,24.0,29.0,82.8,517.0,195.0,2.0,2.0,100.0,20.0,21.0,95.2,2.0,6.0,33.3,0,0.0,0.0,0.0,0.0,0.0,0.0,0.0,0.0,,2021
Juan Cabaña,ARG,MF,19,0.2,4.0,7.0,57.1,65.0,37.0,1.0,2.0,50.0,3.0,4.0,75.0,0.0,1.0,0.0,0,0.0,0.0,0.0,0.0,2.0,0.0,0.0,1.0,,2021
Kevin Duarte,ARG,MF,19,0.2,0.0,0.0,,0.0,0.0,0.0,0.0,,0.0,0.0,,0.0,0.0,,0,0.0,0.0,0.0,0.0,0.0,0.0,0.0,0.0,,2021
Nahuel Génez,ARG,DF,17,0.1,3.0,5.0,60.0,82.0,78.0,0.0,1.0,0.0,2.0,2.0,100.0,1.0,2.0,50.0,0,0.0,0.0,0.0,0.0,0.0,0.0,0.0,0.0,,2021
Iván Alvariño,ARG,FW,19,0.1,2.0,3.0,66.7,14.0,9.0,1.0,1.0,100.0,0.0,0.0,,0.0,0.0,,0,0.0,0.0,0.0,0.0,0.0,0.0,0.0,0.0,,2021
Lucas Palma,ARG,FW,17,0.1,1.0,1.0,100.0,3.0,2.0,0.0,0.0,,0.0,0.0,,0.0,0.0,,0,0.0,0.0,0.0,0.0,0.0,0.0,0.0,0.0,,2021
Agustín Rossi,ARG,GK,26,44.2,874.0,1318.0,66.3,26069.0,19208.0,139.0,139.0,100.0,407.0,414.0,98.3,325.0,759.0,42.8,0,0.0,0.1,0.0,0.0,15.0,0.0,0.0,2.0,,2022
Guillermo Matías Fernández,ARG,MF,30,42.2,1840.0,2151.0,85.5,33608.0,8578.0,783.0,883.0,88.7,789.0,876.0,90.1,224.0,290.0,77.2,2,3.2,3.9,-1.2,43.0,149.0,12.0,2.0,198.0,,2022
Frank Fabra,COL,DF,30,41.9,1919.0,2503.0,76.7,32701.0,11923.0,927.0,1046.0,88.6,759.0,964.0,78.7,179.0,352.0,50.9,6,3.7,4.1,2.3,40.0,167.0,35.0,15.0,228.0,,2022
Luis Advíncula,PER,DF,31,41.1,1734.0,2148.0,80.7,28705.0,9784.0,842.0,914.0,92.1,683.0,842.0,81.1,151.0,280.0,53.9,0,1.4,1.6,-1.4,23.0,110.0,20.0,12.0,165.0,,2022
Sebastián Villa,COL,"MF,FW",25,32.7,774.0,1174.0,65.9,13975.0,3551.0,383.0,453.0,84.5,253.0,373.0,67.8,108.0,257.0,42.0,14,8.1,8.2,5.9,79.0,50.0,38.0,19.0,97.0,,2022
Alan Varela,ARG,MF,20,32.3,1490.0,1713.0,87.0,28130.0,7719.0,573.0,643.0,89.1,693.0,760.0,91.2,191.0,243.0,78.6,2,1.2,0.9,0.8,11.0,109.0,9.0,5.0,139.0,,2022
Óscar Romero,PAR,MF,29,31.5,1397.0,1860.0,75.1,26929.0,8936.0,611.0,691.0,88.4,510.0,635.0,80.3,240.0,412.0,58.3,6,5.7,6.9,0.3,73.0,231.0,51.0,9.0,291.0,,2022
Darío Benedetto,ARG,FW,31,30.0,378.0,573.0,66.0,6679.0,1233.0,175.0,248.0,70.6,140.0,197.0,71.1,44.0,72.0,61.1,2,3.2,3.1,-1.2,27.0,35.0,26.0,2.0,65.0,,2022
Marcos Rojo,ARG,DF,31,28.4,1405.0,1707.0,82.3,27919.0,10825.0,485.0,539.0,90.0,692.0,751.0,92.1,206.0,354.0,58.2,0,0.1,0.2,-0.1,2.0,64.0,1.0,0.0,89.0,,2022
Juan Ramírez,ARG,MF,28,24.8,849.0,984.0,86.3,11841.0,2742.0,488.0,544.0,89.7,287.0,325.0,88.3,28.0,42.0,66.7,1,1.1,1.1,-0.1,22.0,92.0,12.0,1.0,125.0,,2022
Carlos Zambrano,PER,DF,32,24.7,1017.0,1233.0,82.5,20207.0,7029.0,335.0,383.0,87.5,526.0,576.0,91.3,138.0,236.0,58.5,1,0.1,0.2,0.9,2.0,43.0,3.0,0.0,55.0,,2022
Luis Vázquez,ARG,FW,21,21.5,249.0,392.0,63.5,3193.0,529.0,156.0,222.0,70.3,69.0,102.0,67.6,7.0,16.0,43.8,3,1.4,0.6,1.6,20.0,16.0,8.0,1.0,25.0,,2022
Cristian Medina,ARG,MF,19,16.0,543.0,678.0,80.1,7838.0,1486.0,308.0,350.0,88.0,182.0,210.0,86.7,26.0,48.0,54.2,1,1.0,0.8,0.0,10.0,45.0,6.0,1.0,49.0,,2022
Carlos Izquierdoz,ARG,DF,33,15.7,769.0,907.0,84.8,14942.0,5923.0,254.0,278.0,91.4,408.0,457.0,89.3,94.0,136.0,69.1,0,0.0,0.2,0.0,1.0,21.0,1.0,1.0,38.0,,2022
Jorge Figal,ARG,DF,27,15.1,665.0,867.0,76.7,13857.0,4937.0,191.0,223.0,85.7,353.0,408.0,86.5,109.0,202.0,54.0,0,0.1,0.1,-0.1,3.0,43.0,3.0,0.0,43.0,,2022
Exequiel Zeballos,ARG,"MF,FW",19,14.9,324.0,471.0,68.8,5216.0,1352.0,170.0,207.0,82.1,98.0,138.0,71.0,37.0,75.0,49.3,2,3.7,3.0,-1.7,31.0,21.0,17.0,7.0,34.0,,2022
Eduardo Salvio,ARG,MF,31,11.9,302.0,384.0,78.6,4198.0,580.0,178.0,207.0,86.0,97.0,119.0,81.5,10.0,19.0,52.6,0,0.9,1.0,-0.9,12.0,11.0,12.0,3.0,24.0,,2022
Agustín Sández,PAR,DF,21,11.8,515.0,667.0,77.2,8364.0,3137.0,247.0,277.0,89.2,221.0,274.0,80.7,30.0,70.0,42.9,0,0.3,0.2,-0.3,9.0,31.0,5.0,5.0,43.0,,2022
Gabriel Aranda,ARG,DF,20,11.0,466.0,522.0,89.3,9060.0,3034.0,150.0,167.0,89.8,259.0,273.0,94.9,51.0,68.0,75.0,0,0.0,0.3,0.0,2.0,14.0,0.0,0.0,23.0,,2022
Aaron Nicolás Molinas,ARG,MF,21,11.0,522.0,652.0,80.1,9256.0,2426.0,258.0,284.0,90.8,181.0,215.0,84.2,67.0,104.0,64.4,2,1.3,1.3,0.7,18.0,72.0,8.0,3.0,96.0,,2022
Luca Langoni,ARG,"FW,MF",19,10.5,123.0,172.0,71.5,1777.0,284.0,74.0,85.0,87.1,37.0,52.0,71.2,6.0,16.0,37.5,1,1.3,1.0,-0.3,9.0,5.0,4.0,1.0,11.0,,2022
Jorman Campuzano,COL,MF,25,9.9,403.0,473.0,85.2,7303.0,2008.0,170.0,195.0,87.2,170.0,192.0,88.5,49.0,61.0,80.3,1,0.3,0.3,0.7,2.0,29.0,2.0,0.0,39.0,,2022
Marcelo Weigandt,ARG,DF,22,9.0,432.0,565.0,76.5,7168.0,2657.0,215.0,247.0,87.0,166.0,215.0,77.2,42.0,67.0,62.7,0,0.3,0.7,-0.3,7.0,32.0,8.0,2.0,43.0,,2022
Facundo Roncaglia,ARG,DF,34,8.7,355.0,451.0,78.7,7976.0,3326.0,85.0,104.0,81.7,199.0,222.0,89.6,71.0,119.0,59.7,0,0.0,0.0,0.0,1.0,11.0,0.0,0.0,20.0,,2022
Javier Hernán García,ARG,GK,35,8.0,165.0,231.0,71.4,4658.0,3573.0,25.0,25.0,100.0,82.0,83.0,98.8,58.0,123.0,47.2,0,0.0,0.0,0.0,0.0,1.0,0.0,0.0,0.0,,2022
Martín Payero,ARG,"MF,FW",23,7.5,181.0,238.0,76.1,2737.0,670.0,89.0,100.0,89.0,65.0,86.0,75.6,13.0,24.0,54.2,0,0.8,0.2,-0.8,7.0,15.0,2.0,0.0,24.0,,2022
Nicolás Orsini,ARG,FW,27,5.6,87.0,123.0,70.7,1124.0,161.0,59.0,74.0,79.7,21.0,29.0,72.4,2.0,3.0,66.7,0,0.2,0.1,-0.2,2.0,7.0,0.0,0.0,7.0,,2022
Esteban Rolón,ARG,MF,26,4.4,226.0,270.0,83.7,4299.0,1432.0,88.0,100.0,88.0,106.0,129.0,82.2,26.0,30.0,86.7,0,0.1,0.1,-0.1,3.0,15.0,2.0,0.0,20.0,,2022
Gastón Ávila,ARG,DF,20,3.6,175.0,213.0,82.2,3936.0,1371.0,51.0,56.0,91.1,82.0,95.0,86.3,41.0,54.0,75.9,0,0.0,0.1,0.0,1.0,19.0,1.0,0.0,17.0,,2022
Diego González,ARG,MF,33,3.0,124.0,154.0,80.5,2106.0,568.0,51.0,60.0,85.0,55.0,65.0,84.6,12.0,17.0,70.6,0,0.2,0.3,-0.2,3.0,13.0,3.0,0.0,16.0,,2022
Norberto Briasco,ARM,"FW,MF",25,1.7,19.0,27.0,70.4,267.0,18.0,13.0,18.0,72.2,6.0,6.0,100.0,0.0,0.0,,0,0.0,0.1,0.0,0.0,0.0,0.0,0.0,1.0,,2022
Gonzalo Morales,ARG,FW,18,1.5,13.0,20.0,65.0,191.0,44.0,7.0,10.0,70.0,6.0,6.0,100.0,0.0,2.0,0.0,0,0.0,0.0,0.0,1.0,1.0,0.0,0.0,2.0,,2022
Gabriel Vega,ARG,MF,19,1.0,36.0,39.0,92.3,622.0,102.0,16.0,17.0,94.1,15.0,16.0,93.8,4.0,4.0,100.0,0,0.0,0.0,0.0,0.0,5.0,0.0,0.0,4.0,,2022
Maximiliano Zalazar,ARG,"FW,MF",20,0.6,10.0,15.0,66.7,208.0,77.0,5.0,8.0,62.5,3.0,4.0,75.0,2.0,3.0,66.7,0,0.0,0.0,0.0,0.0,3.0,0.0,0.0,2.0,,2022
Leandro Brey,ARG,GK,19,0.5,2.0,3.0,66.7,47.0,48.0,1.0,1.0,100.0,0.0,0.0,,1.0,2.0,50.0,0,0.0,0.0,0.0,0.0,0.0,0.0,0.0,0.0,,2022
Brandon Cortés,CHI,"MF,FW",20,0.4,17.0,20.0,85.0,253.0,33.0,8.0,11.0,72.7,6.0,6.0,100.0,2.0,2.0,100.0,0,0.0,0.0,0.0,0.0,1.0,0.0,0.0,1.0,,2022
Simón Rivero,ARG,"MF,FW",18,0.2,2.0,3.0,66.7,36.0,11.0,0.0,1.0,0.0,2.0,2.0,100.0,0.0,0.0,,0,0.0,0.0,0.0,0.0,0.0,0.0,0.0,0.0,,2022
Agustín Almendra,ARG,MF,21,0.1,8.0,10.0,80.0,177.0,100.0,1.0,1.0,100.0,6.0,8.0,75.0,1.0,1.0,100.0,0,0.0,0.0,0.0,1.0,1.0,1.0,0.0,2.0,,2022
Vicente Taborda,ARG,MF,20,0.0,3.0,5.0,60.0,20.0,0.0,2.0,2.0,100.0,0.0,0.0,,0.0,1.0,0.0,0,0.0,0.0,0.0,0.0,0.0,0.0,0.0,0.0,,2022
Sergio Romero,ARG,GK,35,46.3,902.0,1262.0,71.5,25351.0,19005.0,146.0,147.0,99.3,439.0,447.0,98.2,298.0,644.0,46.3,0,0.0,0.1,0.0,0.0,20.0,0.0,0.0,1.0,,2023
Jorge Figal,ARG,DF,28,40.5,1728.0,2129.0,81.2,33343.0,12719.0,599.0,664.0,90.2,928.0,1028.0,90.3,183.0,386.0,47.4,0,0.2,0.5,-0.2,6.0,81.0,8.0,0.0,76.0,,2023
Guillermo Matías Fernández,ARG,MF,31,37.8,1860.0,2205.0,84.4,32678.0,8855.0,824.0,932.0,88.4,812.0,920.0,88.3,186.0,246.0,75.6,2,4.2,3.8,-2.2,46.0,154.0,19.0,3.0,201.0,,2023
Cristian Medina,ARG,"MF,FW",20,33.3,1418.0,1617.0,87.7,21954.0,5025.0,758.0,819.0,92.6,550.0,614.0,89.6,78.0,100.0,78.0,3,2.3,2.3,0.7,29.0,130.0,22.0,1.0,176.0,,2023
Luis Advíncula,PER,"DF,FW",32,32.8,1177.0,1471.0,80.0,19773.0,5958.0,595.0,666.0,89.3,453.0,547.0,82.8,103.0,181.0,56.9,4,4.4,4.4,-0.4,34.0,87.0,34.0,19.0,116.0,,2023
Frank Fabra,COL,DF,31,29.6,1483.0,1831.0,81.0,24125.0,9124.0,757.0,844.0,89.7,584.0,701.0,83.3,113.0,207.0,54.6,2,3.0,3.1,-1.0,30.0,114.0,33.0,20.0,162.0,,2023
Miguel Merentiel,URU,FW,26,27.0,396.0,539.0,73.5,5142.0,958.0,253.0,318.0,79.6,106.0,137.0,77.4,11.0,27.0,40.7,4,3.9,4.0,0.1,21.0,26.0,15.0,0.0,38.0,,2023
Alan Varela,ARG,MF,21,26.3,1421.0,1595.0,89.1,24963.0,7190.0,592.0,648.0,91.4,691.0,733.0,94.3,111.0,154.0,72.1,1,1.5,1.4,-0.5,18.0,99.0,8.0,1.0,95.0,,2023
Nicolás Valentini,ARG,DF,21,25.7,1155.0,1459.0,79.2,21790.0,9621.0,417.0,466.0,89.5,615.0,722.0,85.2,111.0,224.0,49.6,0,0.1,0.2,-0.1,4.0,68.0,1.0,1.0,115.0,,2023
Bruno Valdez,PAR,"DF,FW",30,25.5,1348.0,1579.0,85.4,24605.0,7994.0,485.0,534.0,90.8,756.0,827.0,91.4,93.0,175.0,53.1,0,0.2,0.1,-0.2,2.0,34.0,0.0,0.0,69.0,,2023
Ezequiél Fernández,ARG,MF,20,25.2,1548.0,1765.0,87.7,26687.0,7405.0,719.0,785.0,91.6,627.0,692.0,90.6,159.0,200.0,79.5,1,1.6,1.9,-0.6,19.0,131.0,10.0,1.0,153.0,,2023
Marcelo Weigandt,ARG,DF,23,24.4,978.0,1274.0,76.8,15087.0,5291.0,577.0,653.0,88.4,331.0,432.0,76.6,58.0,114.0,50.9,5,2.1,1.7,2.9,17.0,58.0,17.0,8.0,87.0,,2023
Valentín Barco,ARG,"MF,DF",18,22.9,892.0,1228.0,72.6,14283.0,5232.0,506.0,583.0,86.8,273.0,385.0,70.9,88.0,183.0,48.1,4,3.9,4.4,0.1,32.0,89.0,38.0,12.0,129.0,,2023
Darío Benedetto,ARG,FW,32,19.2,236.0,365.0,64.7,3922.0,624.0,120.0,159.0,75.5,81.0,125.0,64.8,26.0,48.0,54.2,2,1.7,1.1,0.3,17.0,22.0,10.0,1.0,33.0,,2023
Sebastián Villa,COL,"FW,MF",26,18.9,511.0,771.0,66.3,9317.0,2335.0,247.0,306.0,80.7,189.0,250.0,75.6,65.0,155.0,41.9,3,5.0,4.0,-2.0,39.0,43.0,32.0,12.0,75.0,,2023
Facundo Roncaglia,ARG,DF,35,15.7,689.0,826.0,83.4,13256.0,4845.0,229.0,254.0,90.2,383.0,424.0,90.3,69.0,119.0,58.0,0,0.1,0.1,-0.1,2.0,34.0,1.0,0.0,52.0,,2023
Óscar Romero,PAR,"FW,MF",30,13.6,705.0,904.0,78.0,12895.0,3493.0,331.0,383.0,86.4,257.0,298.0,86.2,99.0,168.0,58.9,4,2.3,2.9,1.7,29.0,108.0,26.0,2.0,120.0,,2023
Edinson Cavani,URU,FW,35,12.6,231.0,302.0,76.5,3593.0,496.0,118.0,143.0,82.5,87.0,105.0,82.9,13.0,25.0,52.0,0,1.1,0.7,-1.1,10.0,14.0,9.0,0.0,25.0,,2023
Marcelo Saracchi,URU,DF,24,11.6,574.0,712.0,80.6,10057.0,3268.0,268.0,309.0,86.7,238.0,283.0,84.1,62.0,91.0,68.1,2,2.5,2.0,-0.5,13.0,36.0,12.0,8.0,50.0,,2023
Luca Langoni,ARG,"FW,MF",20,10.3,168.0,229.0,73.4,2449.0,301.0,106.0,124.0,85.5,46.0,58.0,79.3,13.0,24.0,54.2,1,0.7,0.6,0.3,7.0,6.0,5.0,3.0,11.0,,2023
Lucas Janson,ARG,"FW,MF",28,9.5,213.0,293.0,72.7,3234.0,634.0,128.0,149.0,85.9,57.0,80.0,71.3,21.0,36.0,58.3,0,0.2,0.3,-0.2,5.0,11.0,5.0,2.0,26.0,,2023
Marcos Rojo,ARG,DF,32,9.0,486.0,581.0,83.6,8885.0,3773.0,197.0,216.0,91.2,253.0,282.0,89.7,34.0,72.0,47.2,0,0.0,0.1,0.0,0.0,30.0,1.0,0.0,35.0,,2023
Javier Hernán García,ARG,GK,36,9.0,197.0,261.0,75.5,4619.0,3206.0,48.0,48.0,100.0,107.0,111.0,96.4,42.0,100.0,42.0,0,0.0,0.0,0.0,0.0,2.0,0.0,0.0,0.0,,2023
Juan Ramírez,ARG,"MF,FW",29,8.9,342.0,415.0,82.4,4798.0,1072.0,210.0,238.0,88.2,101.0,117.0,86.3,16.0,33.0,48.5,1,1.3,0.7,-0.3,12.0,35.0,10.0,3.0,40.0,,2023
Jorman Campuzano,COL,MF,26,8.3,506.0,550.0,92.0,9133.0,1926.0,208.0,223.0,93.3,244.0,252.0,96.8,48.0,60.0,80.0,0,0.0,0.1,0.0,1.0,27.0,2.0,0.0,36.0,,2023
Exequiel Zeballos,ARG,"FW,DF",20,8.0,167.0,272.0,61.4,3031.0,859.0,84.0,104.0,80.8,58.0,87.0,66.7,21.0,61.0,34.4,4,2.1,2.0,1.9,16.0,8.0,11.0,7.0,18.0,,2023
Martín Payero,ARG,MF,24,7.6,246.0,324.0,75.9,3854.0,945.0,123.0,143.0,86.0,100.0,120.0,83.3,14.0,35.0,40.0,1,1.1,0.6,-0.1,10.0,32.0,2.0,1.0,36.0,,2023
Norberto Briasco,ARM,FW,26,7.1,167.0,233.0,71.7,2270.0,565.0,113.0,128.0,88.3,42.0,68.0,61.8,8.0,21.0,38.1,2,0.6,1.2,1.4,7.0,12.0,13.0,3.0,23.0,,2023
Lucas Blondel,SUI,DF,26,6.6,374.0,489.0,76.5,5985.0,2438.0,216.0,251.0,86.1,114.0,149.0,76.5,35.0,59.0,59.3,0,0.4,1.1,-0.4,7.0,45.0,7.0,1.0,59.0,,2023
Luis Vázquez,ARG,FW,22,6.3,96.0,144.0,66.7,1171.0,171.0,60.0,79.0,75.9,27.0,40.0,67.5,1.0,1.0,100.0,3,2.0,0.4,1.0,6.0,3.0,3.0,1.0,5.0,,2023
Agustín Sández,PAR,DF,22,5.4,254.0,326.0,77.9,3968.0,1500.0,144.0,158.0,91.1,94.0,115.0,81.7,11.0,32.0,34.4,0,0.2,0.2,-0.2,1.0,17.0,2.0,2.0,28.0,,2023
Ezequiel Bullaude,ARG,"FW,MF",22,4.3,151.0,175.0,86.3,2277.0,441.0,89.0,96.0,92.7,47.0,55.0,85.5,10.0,12.0,83.3,0,0.3,0.4,-0.3,6.0,17.0,5.0,0.0,22.0,,2023
Aaron Anselmino,ARG,DF,17,3.3,168.0,191.0,88.0,3123.0,1048.0,64.0,67.0,95.5,83.0,88.0,94.3,17.0,28.0,60.7,0,0.0,0.0,0.0,0.0,4.0,0.0,0.0,5.0,,2023
Vicente Taborda,ARG,MF,21,2.4,141.0,188.0,75.0,2054.0,511.0,85.0,90.0,94.4,40.0,53.0,75.5,9.0,31.0,29.0,0,0.4,0.4,-0.4,4.0,12.0,0.0,0.0,14.0,,2023
Jabes Saralegui,ARG,MF,20,2.3,66.0,83.0,79.5,1124.0,323.0,31.0,36.0,86.1,26.0,30.0,86.7,6.0,11.0,54.5,0,0.1,0.1,-0.1,1.0,9.0,3.0,0.0,12.0,,2023
Esteban Rolón,ARG,FW,27,2.3,156.0,176.0,88.6,2527.0,672.0,78.0,84.0,92.9,61.0,68.0,89.7,12.0,15.0,80.0,1,0.6,0.5,0.4,4.0,14.0,3.0,0.0,15.0,,2023
Nicolás Orsini,ARG,FW,28,2.3,33.0,45.0,73.3,486.0,39.0,22.0,27.0,81.5,8.0,9.0,88.9,2.0,3.0,66.7,0,0.0,0.1,0.0,1.0,3.0,0.0,0.0,1.0,,2023
Diego González,ARG,MF,34,1.2,86.0,103.0,83.5,1419.0,451.0,39.0,44.0,88.6,38.0,41.0,92.7,6.0,12.0,50.0,0,0.0,0.0,0.0,0.0,4.0,0.0,0.0,6.0,,2023
Nahuel Génez,ARG,DF,19,1.0,49.0,61.0,80.3,711.0,150.0,34.0,37.0,91.9,13.0,17.0,76.5,2.0,5.0,40.0,0,0.0,0.0,0.0,0.0,1.0,0.0,0.0,3.0,,2023
Brandon Cortés,CHI,MF,21,0.2,15.0,21.0,71.4,278.0,52.0,8.0,10.0,80.0,5.0,6.0,83.3,2.0,3.0,66.7,0,0.0,0.0,0.0,0.0,2.0,0.0,0.0,2.0,,2023
Gonzalo Morales,ARG,FW,19,0.1,1.0,1.0,100.0,14.0,0.0,1.0,1.0,100.0,0.0,0.0,,0.0,0.0,,0,0.0,0.0,0.0,0.0,0.0,0.0,0.0,0.0,,2023
Miguel Merentiel,URU,FW,27,38.3,459.0,669.0,68.6,7119.0,2033.0,226.0,299.0,75.6,146.0,200.0,73.0,42.0,74.0,56.8,4,5.8,5.1,-1.8,32.0,41.0,38.0,4.0,85.0,,2024
Sergio Romero,ARG,GK,36,36.0,607.0,821.0,73.9,14809.0,10566.0,141.0,143.0,98.6,300.0,307.0,97.7,153.0,355.0,43.1,0,0.0,0.0,0.0,0.0,8.0,0.0,0.0,1.0,,2024
Lautaro Blanco,ARG,DF,24,35.0,1071.0,1608.0,66.6,18747.0,7710.0,527.0,626.0,84.2,411.0,612.0,67.2,109.0,273.0,39.9,7,4.2,3.6,2.8,36.0,94.0,42.0,28.0,124.0,,2024
Kevin Zenon,ARG,"MF,FW",22,33.9,826.0,1226.0,67.4,15069.0,5292.0,381.0,451.0,84.5,310.0,429.0,72.3,114.0,247.0,46.2,6,8.7,8.2,-2.7,58.0,132.0,49.0,10.0,192.0,,2024
Luis Advíncula,PER,DF,33,33.7,1081.0,1347.0,80.3,18106.0,5731.0,550.0,624.0,88.1,410.0,490.0,83.7,97.0,169.0,57.4,4,2.2,1.9,1.8,26.0,78.0,29.0,14.0,112.0,,2024
Guillermo Matías Fernández,ARG,MF,32,32.0,1293.0,1537.0,84.1,23922.0,7523.0,537.0,602.0,89.2,564.0,633.0,89.1,162.0,217.0,74.7,1,1.5,1.5,-0.5,20.0,123.0,11.0,0.0,159.0,,2024
Cristian Lema,ARG,DF,33,29.2,949.0,1204.0,78.8,19214.0,7242.0,302.0,351.0,86.0,489.0,570.0,85.8,136.0,236.0,57.6,2,0.3,0.6,1.7,5.0,66.0,1.0,0.0,83.0,,2024
Edinson Cavani,URU,FW,36,27.0,306.0,406.0,75.4,4526.0,739.0,170.0,216.0,78.7,89.0,116.0,76.7,23.0,32.0,71.9,1,1.7,1.4,-0.7,9.0,8.0,7.0,0.0,30.0,,2024
Jorge Figal,ARG,DF,29,25.3,972.0,1156.0,84.1,19705.0,7153.0,304.0,333.0,91.3,521.0,571.0,91.2,130.0,215.0,60.5,0,0.0,0.3,0.0,2.0,56.0,4.0,1.0,57.0,,2024
Cristian Medina,ARG,MF,21,24.6,771.0,900.0,85.7,12183.0,3163.0,400.0,437.0,91.5,302.0,339.0,89.1,45.0,67.0,67.2,2,1.2,1.8,0.8,12.0,89.0,16.0,1.0,119.0,,2024
Marcos Rojo,ARG,DF,33,18.1,819.0,954.0,85.8,15306.0,5806.0,290.0,307.0,94.5,447.0,495.0,90.3,70.0,128.0,54.7,0,0.1,0.1,-0.1,3.0,38.0,1.0,0.0,56.0,,2024
Marcelo Saracchi,URU,"DF,MF",25,15.3,469.0,622.0,75.4,8184.0,2486.0,217.0,255.0,85.1,185.0,242.0,76.4,52.0,89.0,58.4,2,1.2,1.6,0.8,12.0,34.0,11.0,6.0,45.0,,2024
Leandro Brey,ARG,GK,21,14.6,258.0,368.0,70.1,6229.0,4310.0,68.0,69.0,98.6,128.0,133.0,96.2,58.0,162.0,35.8,0,0.1,0.2,-0.1,1.0,3.0,0.0,0.0,0.0,,2024
Jabes Saralegui,ARG,"MF,DF",21,14.4,241.0,341.0,70.7,4500.0,1230.0,113.0,144.0,78.5,84.0,113.0,74.3,38.0,57.0,66.7,1,1.0,0.7,0.0,11.0,22.0,8.0,4.0,34.0,,2024
Tomás Belmonte,ARG,MF,25,14.1,580.0,671.0,86.4,10445.0,2247.0,219.0,236.0,92.8,284.0,317.0,89.6,59.0,82.0,72.0,0,0.0,0.2,0.0,2.0,45.0,1.0,0.0,48.0,,2024
Lautaro Di Lollo,ARG,DF,19,14.0,470.0,567.0,82.9,8492.0,3185.0,183.0,201.0,91.0,240.0,268.0,89.6,40.0,81.0,49.4,0,0.0,0.1,0.0,1.0,26.0,1.0,0.0,37.0,,2024
Ezequiél Fernández,ARG,MF,21,13.9,658.0,734.0,89.6,11104.0,3827.0,315.0,341.0,92.4,262.0,281.0,93.2,57.0,69.0,82.6,1,0.7,0.8,0.3,9.0,72.0,8.0,0.0,75.0,,2024
Milton Giménez,ARG,FW,27,12.1,97.0,155.0,62.6,1393.0,334.0,56.0,79.0,70.9,31.0,52.0,59.6,5.0,9.0,55.6,1,0.6,0.6,0.4,3.0,10.0,6.0,0.0,19.0,,2024
Aaron Anselmino,ARG,DF,18,12.0,461.0,534.0,86.3,8958.0,3119.0,135.0,146.0,92.5,279.0,301.0,92.7,42.0,77.0,54.5,3,1.8,1.0,1.2,4.0,16.0,1.0,0.0,28.0,,2024
Exequiel Zeballos,ARG,"MF,FW",21,11.9,184.0,286.0,64.3,2663.0,725.0,113.0,136.0,83.1,48.0,74.0,64.9,14.0,43.0,32.6,2,1.8,1.9,0.2,11.0,11.0,9.0,3.0,23.0,,2024
Brian Aguirre,ARG,"FW,MF",20,9.9,197.0,309.0,63.8,3169.0,990.0,109.0,131.0,83.2,54.0,82.0,65.9,23.0,51.0,45.1,1,2.0,0.9,-1.0,16.0,16.0,16.0,3.0,40.0,,2024
Luca Langoni,ARG,FW,21,9.6,136.0,178.0,76.4,2055.0,475.0,78.0,89.0,87.6,40.0,50.0,80.0,10.0,23.0,43.5,1,1.0,0.9,0.0,11.0,8.0,3.0,1.0,11.0,,2024
Ignacio Miramon,ARG,MF,20,8.8,323.0,409.0,79.0,6077.0,1466.0,138.0,158.0,87.3,135.0,168.0,80.4,44.0,66.0,66.7,0,1.1,0.2,-1.1,4.0,50.0,2.0,1.0,48.0,,2024
Gary Medel,CHI,"DF,MF",36,7.8,396.0,425.0,93.2,8107.0,2601.0,105.0,110.0,95.5,243.0,251.0,96.8,45.0,60.0,75.0,0,0.1,0.0,-0.1,2.0,8.0,0.0,0.0,13.0,,2024
Lucas Janson,ARG,"FW,MF",29,7.7,90.0,127.0,70.9,1290.0,362.0,59.0,69.0,85.5,21.0,27.0,77.8,6.0,14.0,42.9,0,0.2,0.2,-0.2,4.0,15.0,3.0,0.0,16.0,,2024
Frank Fabra,COL,"DF,MF",32,6.2,201.0,281.0,71.5,3293.0,1145.0,110.0,138.0,79.7,75.0,93.0,80.6,16.0,36.0,44.4,1,0.5,0.4,0.5,3.0,18.0,8.0,2.0,27.0,,2024
Milton Delgado,ARG,MF,18,6.0,140.0,165.0,84.8,2510.0,837.0,61.0,71.0,85.9,59.0,66.0,89.4,19.0,23.0,82.6,0,0.0,0.1,0.0,0.0,8.0,0.0,0.0,15.0,,2024
Mauricio Benítez,ARG,MF,19,5.9,124.0,157.0,79.0,2286.0,691.0,57.0,63.0,90.5,48.0,59.0,81.4,17.0,23.0,73.9,0,0.0,0.1,0.0,0.0,17.0,1.0,0.0,18.0,,2024
Nicolás Valentini,ARG,DF,22,5.8,111.0,157.0,70.7,2149.0,886.0,38.0,43.0,88.4,50.0,58.0,86.2,16.0,46.0,34.8,0,0.0,0.7,0.0,1.0,9.0,3.0,0.0,10.0,,2024
Jorman Campuzano,COL,DF,27,5.8,264.0,291.0,90.7,4755.0,1389.0,105.0,111.0,94.6,117.0,129.0,90.7,31.0,37.0,83.8,0,0.0,0.1,0.0,1.0,21.0,2.0,0.0,33.0,,2024
Juan Barinaga,ARG,DF,23,5.3,222.0,306.0,72.5,3735.0,1363.0,112.0,130.0,86.2,92.0,128.0,71.9,16.0,42.0,38.1,0,0.0,0.2,0.0,0.0,18.0,4.0,3.0,22.0,,2024
Lucas Blondel,SUI,"DF,MF",27,4.7,144.0,219.0,65.8,2179.0,1002.0,87.0,113.0,77.0,42.0,63.0,66.7,9.0,24.0,37.5,0,0.1,0.3,-0.1,2.0,18.0,4.0,2.0,17.0,,2024
Agustín Martegani,ARG,MF,23,4.3,116.0,151.0,76.8,1634.0,541.0,69.0,83.0,83.1,35.0,45.0,77.8,4.0,9.0,44.4,0,0.3,0.2,-0.3,5.0,10.0,0.0,0.0,16.0,,2024
Darío Benedetto,ARG,FW,33,3.7,23.0,42.0,54.8,409.0,78.0,12.0,19.0,63.2,8.0,14.0,57.1,3.0,5.0,60.0,0,0.3,0.2,-0.3,2.0,3.0,1.0,0.0,5.0,,2024
Ezequiel Bullaude,ARG,"FW,MF",23,2.7,70.0,92.0,76.1,1049.0,246.0,38.0,42.0,90.5,28.0,34.0,82.4,1.0,6.0,16.7,0,1.0,0.2,-1.0,4.0,10.0,4.0,0.0,14.0,,2024
Mateo Mendía,ARG,DF,19,2.3,78.0,93.0,83.9,1334.0,423.0,27.0,34.0,79.4,46.0,51.0,90.2,5.0,8.0,62.5,0,0.0,0.0,0.0,0.0,3.0,0.0,0.0,8.0,,2024
Julián Ceballos,ARG,MF,19,2.0,23.0,29.0,79.3,387.0,156.0,9.0,10.0,90.0,11.0,12.0,91.7,2.0,3.0,66.7,0,0.0,0.0,0.0,0.0,4.0,2.0,1.0,7.0,,2024
Norberto Briasco,ARM,"MF,FW",27,1.9,12.0,18.0,66.7,240.0,90.0,6.0,9.0,66.7,2.0,4.0,50.0,3.0,3.0,100.0,1,0.0,0.0,1.0,1.0,1.0,0.0,0.0,0.0,,2024
Juan Ramírez,ARG,MF,30,1.7,15.0,22.0,68.2,264.0,74.0,5.0,9.0,55.6,8.0,8.0,100.0,1.0,2.0,50.0,0,0.0,0.0,0.0,0.0,2.0,0.0,0.0,2.0,,2024
Vicente Taborda,ARG,MF,22,1.6,40.0,57.0,70.2,536.0,122.0,22.0,25.0,88.0,10.0,14.0,71.4,2.0,9.0,22.2,0,0.0,0.2,0.0,0.0,3.0,0.0,0.0,1.0,,2024
Javier Hernán García,ARG,GK,37,0.8,8.0,15.0,53.3,252.0,221.0,1.0,1.0,100.0,3.0,3.0,100.0,4.0,11.0,36.4,0,0.0,0.0,0.0,0.0,0.0,0.0,0.0,0.0,,2024
Iker Zufiaurre,ARG,MF,18,0.7,0.0,1.0,0.0,0.0,0.0,0.0,0.0,,0.0,1.0,0.0,0.0,0.0,,0,0.0,0.0,0.0,0.0,0.0,0.0,0.0,0.0,,2024
Dylan Gorosito,ARG,DF,17,0.5,7.0,12.0,58.3,117.0,47.0,4.0,5.0,80.0,2.0,5.0,40.0,1.0,1.0,100.0,0,0.0,0.1,0.0,1.0,1.0,1.0,1.0,1.0,,2024
Joaquín Ruíz,ARG,FW,17,0.2,3.0,4.0,75.0,86.0,8.0,1.0,1.0,100.0,0.0,0.0,,2.0,2.0,100.0,0,0.0,0.0,0.0,0.0,0.0,0.0,0.0,0.0,,2024
Walter Molas,ARG,DF,19,0.1,1.0,1.0,100.0,20.0,20.0,0.0,0.0,,1.0,1.0,100.0,0.0,0.0,,0,0.0,0.0,0.0,0.0,0.0,0.0,0.0,0.0,,2024
Santiago Dalmasso,ARG,MF,19,0.1,7.0,7.0,100.0,80.0,1.0,6.0,6.0,100.0,1.0,1.0,100.0,0.0,0.0,,0,0.0,0.0,0.0,0.0,0.0,0.0,0.0,0.0,,2024
Agustín Marchesín,ARG,GK,37-249,32.0,627.0,817.0,76.7,15995.0,11700.0,151.0,152.0,99.3,309.0,313.0,98.7,162.0,345.0,47.0,0,0.0,0.0,0.0,1.0,6.0,0.0,0.0,0.0,,2025
Lautaro Blanco,ARG,DF,26-274,29.8,1119.0,1515.0,73.9,18602.0,6186.0,561.0,625.0,89.8,473.0,618.0,76.5,76.0,204.0,37.3,3,3.4,3.3,-0.4,26.0,61.0,36.0,25.0,96.0,,2025
Rodrigo Battaglia,ARG,"DF,MF",34-131,24.9,1097.0,1273.0,86.2,19552.0,5787.0,441.0,492.0,89.6,558.0,594.0,93.9,81.0,142.0,57.0,0,0.3,0.4,-0.3,6.0,61.0,5.0,1.0,71.0,,2025
Miguel Merentiel,URU,FW,29-269,24.1,352.0,476.0,73.9,5643.0,1282.0,188.0,231.0,81.4,115.0,153.0,75.2,29.0,48.0,60.4,4,4.0,3.2,0.0,31.0,29.0,22.0,4.0,53.0,,2025
Carlos Palacios,CHI,MF,25-123,23.1,798.0,965.0,82.7,13101.0,4000.0,415.0,465.0,89.2,294.0,354.0,83.1,69.0,99.0,69.7,4,4.2,3.5,-0.2,35.0,104.0,22.0,1.0,124.0,,2025
Lautaro Di Lollo,ARG,DF,21-255,22.2,1121.0,1260.0,89.0,20952.0,8159.0,394.0,415.0,94.9,625.0,669.0,93.4,88.0,150.0,58.7,0,0.2,0.2,-0.2,5.0,53.0,0.0,0.0,67.0,,2025
Ayrton Costa,ARG,DF,26-131,19.1,703.0,795.0,88.4,12280.0,5109.0,305.0,324.0,94.1,344.0,368.0,93.5,49.0,88.0,55.7,1,0.2,0.1,0.8,2.0,35.0,2.0,0.0,27.0,,2025
Milton Giménez,ARG,FW,29-100,17.3,182.0,252.0,72.2,2869.0,507.0,102.0,131.0,77.9,53.0,73.0,72.6,18.0,27.0,66.7,3,2.2,1.2,0.8,13.0,12.0,3.0,0.0,16.0,,2025
Edinson Cavani,URU,FW,38-279,15.5,205.0,270.0,75.9,3407.0,475.0,102.0,129.0,79.1,71.0,91.0,78.0,22.0,27.0,81.5,2,0.5,0.6,1.5,7.0,14.0,4.0,0.0,20.0,,2025
Juan Barinaga,ARG,DF,25-041,14.8,635.0,844.0,75.2,10520.0,2781.0,311.0,349.0,89.1,278.0,348.0,79.9,40.0,112.0,35.7,2,1.7,1.1,0.3,13.0,26.0,9.0,7.0,44.0,,2025
Luis Advíncula,PER,DF,35-263,14.7,484.0,589.0,82.2,8179.0,2679.0,238.0,261.0,91.2,193.0,232.0,83.2,44.0,70.0,62.9,1,0.7,0.3,0.3,7.0,28.0,7.0,3.0,45.0,,2025
Milton Delgado,ARG,MF,20-157,14.6,786.0,870.0,90.3,14201.0,3795.0,327.0,345.0,94.8,375.0,399.0,94.0,74.0,99.0,74.7,1,0.0,0.4,1.0,2.0,78.0,5.0,0.0,85.0,,2025
Alan Velasco,ARG,"MF,FW",23-116,13.8,357.0,464.0,76.9,6455.0,1443.0,181.0,212.0,85.4,120.0,148.0,81.1,48.0,73.0,65.8,2,1.4,1.2,0.6,17.0,48.0,7.0,2.0,49.0,,2025
Tomás Belmonte,ARG,MF,27-177,13.5,401.0,464.0,86.4,6876.0,1845.0,192.0,209.0,91.9,168.0,180.0,93.3,35.0,49.0,71.4,0,0.1,0.2,-0.1,3.0,33.0,2.0,0.0,34.0,,2025
Leandro Paredes,ARG,MF,31-144,13.2,1040.0,1253.0,83.0,21826.0,7740.0,368.0,401.0,91.8,482.0,539.0,89.4,183.0,287.0,63.8,4,3.0,3.9,1.0,44.0,118.0,21.0,0.0,148.0,,2025
Kevin Zenon,ARG,"MF,FW",24-113,12.7,337.0,485.0,69.5,6378.0,1592.0,142.0,167.0,85.0,141.0,178.0,79.2,45.0,100.0,45.0,0,1.7,1.7,-1.7,18.0,41.0,14.0,7.0,65.0,,2025
Exequiel Zeballos,ARG,"MF,FW",23-210,12.0,238.0,313.0,76.0,3738.0,815.0,147.0,173.0,85.0,67.0,89.0,75.3,20.0,33.0,60.6,3,2.1,2.1,0.9,18.0,15.0,8.0,3.0,32.0,,2025
Marcos Rojo,ARG,DF,35-245,9.5,563.0,638.0,88.2,11028.0,5168.0,176.0,185.0,95.1,332.0,354.0,93.8,52.0,90.0,57.8,0,0.0,0.2,0.0,0.0,37.0,2.0,0.0,55.0,,2025
William Alarcón,CHI,MF,25-000,9.3,358.0,416.0,86.1,6431.0,1615.0,160.0,175.0,91.4,149.0,167.0,89.2,43.0,59.0,72.9,1,1.3,1.1,-0.3,10.0,31.0,7.0,1.0,49.0,,2025
Brian Aguirre,ARG,"MF,FW",22-172,8.1,152.0,221.0,68.8,2213.0,439.0,86.0,118.0,72.9,51.0,64.0,79.7,9.0,17.0,52.9,2,1.1,1.0,0.9,6.0,9.0,9.0,4.0,22.0,,2025
Marco Pellegrino,ARG,DF,23-125,7.0,273.0,319.0,85.6,4893.0,1717.0,117.0,125.0,93.6,130.0,143.0,90.9,24.0,44.0,54.5,0,0.0,0.0,0.0,0.0,5.0,0.0,0.0,20.0,,2025
Lucas Blondel,SUI,"DF,MF",29-067,6.1,237.0,324.0,73.1,4177.0,1580.0,122.0,147.0,83.0,80.0,105.0,76.2,31.0,54.0,57.4,1,0.1,0.3,0.9,1.0,19.0,8.0,2.0,22.0,,2025
Ander Herrera,ESP,MF,36-098,5.1,346.0,410.0,84.4,5510.0,1253.0,178.0,196.0,90.8,136.0,156.0,87.2,20.0,32.0,62.5,0,0.4,1.0,-0.4,6.0,30.0,11.0,0.0,34.0,,2025
Marcelo Saracchi,URU,"DF,MF",27-211,4.1,152.0,196.0,77.6,2801.0,1160.0,70.0,80.0,87.5,61.0,82.0,74.4,21.0,33.0,63.6,0,0.5,0.4,-0.5,4.0,14.0,9.0,3.0,23.0,,2025
Malcom Braida,ARG,"FW,MF",28-187,3.6,29.0,55.0,52.7,400.0,165.0,18.0,32.0,56.3,9.0,16.0,56.3,1.0,2.0,50.0,0,0.0,0.1,0.0,1.0,3.0,2.0,1.0,4.0,,2025
Camilo Rey,ARG,MF,19-255,3.4,152.0,175.0,86.9,2402.0,678.0,74.0,82.0,90.2,62.0,69.0,89.9,8.0,14.0,57.1,0,0.0,0.0,0.0,0.0,13.0,0.0,0.0,12.0,,2025
Leandro Brey,ARG,GK,23-060,3.0,60.0,79.0,75.9,1549.0,1122.0,14.0,14.0,100.0,25.0,25.0,100.0,20.0,38.0,52.6,0,0.0,0.0,0.0,0.0,0.0,0.0,0.0,0.0,,2025
Jorge Figal,ARG,DF,31-231,2.8,73.0,95.0,76.8,1481.0,636.0,20.0,22.0,90.9,44.0,49.0,89.8,8.0,21.0,38.1,0,0.0,0.0,0.0,0.0,2.0,0.0,0.0,4.0,,2025
Lucas Janson,ARG,"FW,MF",31-096,1.3,24.0,34.0,70.6,361.0,80.0,9.0,13.0,69.2,11.0,15.0,73.3,1.0,1.0,100.0,0,0.3,0.2,-0.3,3.0,2.0,3.0,0.0,7.0,,2025
Frank Fabra,COL,DF,34-271,1.2,50.0,61.0,82.0,728.0,213.0,30.0,37.0,81.1,16.0,19.0,84.2,2.0,2.0,100.0,0,0.1,0.1,-0.1,1.0,3.0,0.0,0.0,8.0,,2025
Ignacio Miramon,ARG,"MF,FW",22-161,1.1,42.0,55.0,76.4,788.0,230.0,20.0,21.0,95.2,13.0,17.0,76.5,7.0,14.0,50.0,0,0.0,0.0,0.0,0.0,6.0,0.0,0.0,7.0,,2025
Mateo Mendía,ARG,DF,21-290,1.0,53.0,57.0,93.0,1001.0,321.0,19.0,21.0,90.5,30.0,30.0,100.0,4.0,4.0,100.0,0,0.0,0.0,0.0,0.0,4.0,0.0,0.0,4.0,,2025
Agustín Martegani,ARG,MF,25-184,0.6,19.0,21.0,90.5,246.0,51.0,12.0,12.0,100.0,5.0,5.0,100.0,1.0,2.0,50.0,0,0.0,0.0,0.0,0.0,3.0,0.0,0.0,0.0,,2025
Joaquín Ruíz,ARG,"MF,FW",19-122,0.3,6.0,11.0,54.5,93.0,12.0,3.0,5.0,60.0,3.0,4.0,75.0,0.0,0.0,,0,0.0,0.0,0.0,0.0,2.0,0.0,0.0,1.0,,2025
Santiago Dalmasso,ARG,MF,21-155,0.1,5.0,5.0,100.0,70.0,1.0,3.0,3.0,100.0,2.0,2.0,100.0,0.0,0.0,,0,0.0,0.0,0.0,0.0,0.0,0.0,0.0,0.0,,2025
